<?xml version="1.0" encoding="utf-8"?>
<feed xmlns="http://www.w3.org/2005/Atom" xmlns:media="http://search.yahoo.com/mrss/">
    <title>sekvens buro</title>
    <link href="https://sekvens.buro.earth/feed.xml" rel="self" />
    <link href="https://sekvens.buro.earth" />
    <updated>2025-01-25T20:00:00+01:00</updated>
    <author>
        <name>sekvens</name>
    </author>
    <id>https://sekvens.buro.earth</id>

    <entry>
        <title>Hedo Hydr8 + Muskila</title>
        <author>
            <name>sekvens</name>
        </author>
        <link href="https://sekvens.buro.earth/hedo-hydr8-muskila.html"/>
        <id>https://sekvens.buro.earth/hedo-hydr8-muskila.html</id>
        <media:content url="https://sekvens.buro.earth/media/posts/15/poster.version.2.png" medium="image" />
            <category term="events"/>

        <updated>2025-01-25T20:00:00+01:00</updated>
            <summary>
                <![CDATA[
                        <img src="https://sekvens.buro.earth/media/posts/15/poster.version.2.png" alt="" />
                    Sekvens dj-kollektiv er blevet inviteret til, at stå for en aften på christianshavns beboerhus. Udover de sydfynske djs har vi to gæster på plakaten. Aftenen&hellip;
                ]]>
            </summary>
        <content type="html">
            <![CDATA[
                    <p><img src="https://sekvens.buro.earth/media/posts/15/poster.version.2.png" class="type:primaryImage" alt="" /></p>
                <p>Sekvens dj-kollektiv er blevet inviteret til, at stå for en aften på<br>christianshavns beboerhus. Udover de sydfynske djs har vi to gæster på<br>plakaten. Aftenen byder på en række af genrer fra tunge lp vinyler med<br>habibi funk til helt ny arab electronics.</p>
<p>Line up:</p>
<ul>
<li><a href="https://soundcloud.com/hedohydr8">Hedo Hydr8</a> (b2b) <a href="https://www.instagram.com/_muskila">Muskila</a></li>
<li><a href="https://sekvens.buro.earth/salti-brothers.html">Salti Bros</a></li>
<li><a href="https://sekvens.buro.earth/fyns-amt.html">Fyns Amt</a></li>
<li><a href="https://sekvens.buro.earth/sarahabibi.html">Sarahabibi</a></li>
<li><a href="https://sekvens.buro.earth/supernihil.html">Supernihil</a> (visuals)</li>
</ul>
<figure class="post__video"><video loading="lazy" width="400" height="200" controls="controls" data-mce-fragment="1">
<source src="https://imgur.com/cYfO9tG" /></video></figure>
            ]]>
        </content>
    </entry>
    <entry>
        <title>Solhverv</title>
        <author>
            <name>sekvens</name>
        </author>
        <link href="https://sekvens.buro.earth/solhverv.html"/>
        <id>https://sekvens.buro.earth/solhverv.html</id>
        <media:content url="https://sekvens.buro.earth/media/posts/6/469294045_27780503088260089_1368971433565902465_n-ezgif.com-optimize.gif" medium="image" />
            <category term="events"/>

        <updated>2024-12-21T20:00:00+01:00</updated>
            <summary>
                <![CDATA[
                        <img src="https://sekvens.buro.earth/media/posts/6/469294045_27780503088260089_1368971433565902465_n-ezgif.com-optimize.gif" alt="" />
                    MASKINEN og SEKVENS DJ-Kollektiv fejrer solhverv d.21 december. Vi håber på, at se alle slags godtfolk samlet til, at hverve solen, på årets korteste dag.
                ]]>
            </summary>
        <content type="html">
            <![CDATA[
                    <p><img src="https://sekvens.buro.earth/media/posts/6/469294045_27780503088260089_1368971433565902465_n-ezgif.com-optimize.gif" class="type:primaryImage" alt="" /></p>
                <p>MASKINEN og SEKVENS DJ-Kollektiv fejrer solhverv d.21 december. Vi håber på, at se alle slags godtfolk samlet til, at hverve solen, på årets korteste dag.</p>
<p>Dørene åbner kl. 20.00.</p>
<p>PROGRAM:</p>
<ul>
<li><a href="#non-existing-post-with-id-13">Dj peik</a> 20.00-21.00</li>
<li><a href="https://sekvens.buro.earth/salti-brothers.html">Salti brothers</a> 21.00-22.00</li>
<li><a href="https://sekvens.buro.earth/sarahabibi.html">Sarahabibbi</a> 22.00-23.00</li>
<li><a href="https://sekvens.buro.earth/rosenkrantz.html">Rosenkrantz</a> 23.00-00.00</li>
<li>Dj Monokel 00.00-01.00</li>
<li><a href="https://sekvens.buro.earth/fyns-amt.html">Fyns Amt</a> 01.00-02.00</li>
</ul>
<p>Visuals: <a href="https://sekvens.buro.earth/supernihil.html">Supernihil</a></p>
<p>Billetpris: 80 / 60 / 00 kr.</p>
            ]]>
        </content>
    </entry>
    <entry>
        <title>Sarahabibi</title>
        <author>
            <name>sekvens</name>
        </author>
        <link href="https://sekvens.buro.earth/sarahabibi.html"/>
        <id>https://sekvens.buro.earth/sarahabibi.html</id>
        <media:content url="https://sekvens.buro.earth/media/posts/14/IMG_20240806_152656_84.jpg" medium="image" />
            <category term="artists"/>

        <updated>2024-12-05T22:50:21+01:00</updated>
            <summary>
                <![CDATA[
                        <img src="https://sekvens.buro.earth/media/posts/14/IMG_20240806_152656_84.jpg" alt="" />
                    Sarahabibis sætlister sender dig på en rejse i de varme lande og skaber en magisk atmosfære med en spændende fusion af Italo disco, Habibifunk, Middle&hellip;
                ]]>
            </summary>
        <content type="html">
            <![CDATA[
                    <p><img src="https://sekvens.buro.earth/media/posts/14/IMG_20240806_152656_84.jpg" class="type:primaryImage" alt="" /></p>
                <div dir="auto">Sarahabibis sætlister sender dig på en rejse i de varme lande og skaber en magisk atmosfære med en spændende fusion af Italo disco, Habibifunk, Middle Eastern groove og Psychedelic funk. </div>
<div dir="auto">Hun inviterer dig med i et forførende lydunivers, der forvandler dansegulvet til en kulturel smeltedigel.</div>
            ]]>
        </content>
    </entry>
    <entry>
        <title>Dj Mormor</title>
        <author>
            <name>sekvens</name>
        </author>
        <link href="https://sekvens.buro.earth/mormor.html"/>
        <id>https://sekvens.buro.earth/mormor.html</id>
        <media:content url="https://sekvens.buro.earth/media/posts/12/avatars-000148535880-jfeb8t-t500x500.jpg" medium="image" />
            <category term="artists"/>

        <updated>2024-12-05T22:21:05+01:00</updated>
            <summary>
                <![CDATA[
                        <img src="https://sekvens.buro.earth/media/posts/12/avatars-000148535880-jfeb8t-t500x500.jpg" alt="" />
                    DJ: Sexy house, zouk bass and melodic techno
                ]]>
            </summary>
        <content type="html">
            <![CDATA[
                    <p><img src="https://sekvens.buro.earth/media/posts/12/avatars-000148535880-jfeb8t-t500x500.jpg" class="type:primaryImage" alt="" /></p>
                <p>DJ: Sexy house, zouk bass and melodic techno</p>
            ]]>
        </content>
    </entry>
    <entry>
        <title>Rosenkrantz</title>
        <author>
            <name>sekvens</name>
        </author>
        <link href="https://sekvens.buro.earth/rosenkrantz.html"/>
        <id>https://sekvens.buro.earth/rosenkrantz.html</id>
        <media:content url="https://sekvens.buro.earth/media/posts/11/rosenkrantz.jpg" medium="image" />
            <category term="artists"/>

        <updated>2024-12-05T22:16:07+01:00</updated>
            <summary>
                <![CDATA[
                        <img src="https://sekvens.buro.earth/media/posts/11/rosenkrantz.jpg" alt="" />
                    Funen-based dj with a passion for the melodic side of techno and house.
                ]]>
            </summary>
        <content type="html">
            <![CDATA[
                    <p><img src="https://sekvens.buro.earth/media/posts/11/rosenkrantz.jpg" class="type:primaryImage" alt="" /></p>
                <p>Funen-based dj with a passion for the melodic side of techno and house.</p>
            ]]>
        </content>
    </entry>
    <entry>
        <title>Supernihil</title>
        <author>
            <name>sekvens</name>
        </author>
        <link href="https://sekvens.buro.earth/supernihil.html"/>
        <id>https://sekvens.buro.earth/supernihil.html</id>
        <media:content url="https://sekvens.buro.earth/media/posts/10/Screenshot-from-2024-12-05-22-12-40.png" medium="image" />
            <category term="artists"/>

        <updated>2024-12-05T22:13:02+01:00</updated>
            <summary>
                <![CDATA[
                        <img src="https://sekvens.buro.earth/media/posts/10/Screenshot-from-2024-12-05-22-12-40.png" alt="" />
                    supernihil er en lokal visuel artist.
                ]]>
            </summary>
        <content type="html">
            <![CDATA[
                    <p><img src="https://sekvens.buro.earth/media/posts/10/Screenshot-from-2024-12-05-22-12-40.png" class="type:primaryImage" alt="" /></p>
                <p>supernihil er en lokal visuel artist.</p>
            ]]>
        </content>
    </entry>
    <entry>
        <title>Salti brothers</title>
        <author>
            <name>sekvens</name>
        </author>
        <link href="https://sekvens.buro.earth/salti-brothers.html"/>
        <id>https://sekvens.buro.earth/salti-brothers.html</id>
        <media:content url="https://sekvens.buro.earth/media/posts/9/salti.jpg" medium="image" />
            <category term="artists"/>

        <updated>2024-12-05T21:39:50+01:00</updated>
            <summary>
                <![CDATA[
                        <img src="https://sekvens.buro.earth/media/posts/9/salti.jpg" alt="" />
                    Salti Brothers, Farid (DJ Salti) and Ahmed (Aggi), started DJing together after Ahmed returned from London, where he participated in founding the club FOLD and&hellip;
                ]]>
            </summary>
        <content type="html">
            <![CDATA[
                    <p><img src="https://sekvens.buro.earth/media/posts/9/salti.jpg" class="type:primaryImage" alt="" /></p>
                <p>Salti Brothers, Farid (DJ Salti) and Ahmed (Aggi), started DJing together after Ahmed returned from London, where he participated in founding the club FOLD and the record label DIY Records.</p>
<p>Salti Brothers specialize in acid, techno, house, electrobreaks and arab-electronic.</p>
            ]]>
        </content>
    </entry>
    <entry>
        <title>Fyns amt</title>
        <author>
            <name>sekvens</name>
        </author>
        <link href="https://sekvens.buro.earth/fyns-amt.html"/>
        <id>https://sekvens.buro.earth/fyns-amt.html</id>
        <media:content url="https://sekvens.buro.earth/media/posts/8/fynsamt.jpg" medium="image" />
            <category term="artists"/>

        <updated>2024-12-05T21:39:21+01:00</updated>
            <summary>
                <![CDATA[
                        <img src="https://sekvens.buro.earth/media/posts/8/fynsamt.jpg" alt="" />
                    Fyns Amt (Jakob Schmidt B2b Asmus Busck) spiller funky, up-tempo techno, super nye tracks, legendarisk techno, men mest af alt evergreens fra fremtiden. Ind imellem&hellip;
                ]]>
            </summary>
        <content type="html">
            <![CDATA[
                    <p><img src="https://sekvens.buro.earth/media/posts/8/fynsamt.jpg" class="type:primaryImage" alt="" /></p>
                <article class="post">
<div class="post__entry">
<p>Fyns Amt (Jakob Schmidt B2b Asmus Busck) spiller funky, up-tempo techno, super nye tracks, legendarisk techno, men mest af alt evergreens fra fremtiden. Ind imellem kan det være,at der snyder sig et lokalt track eller to på pulten.</p>
</div>
</article>
            ]]>
        </content>
    </entry>
    <entry>
        <title>contact</title>
        <author>
            <name>sekvens</name>
        </author>
        <link href="https://sekvens.buro.earth/contact-2.html"/>
        <id>https://sekvens.buro.earth/contact-2.html</id>
            <category term="contact"/>

        <updated>2024-12-05T18:57:43+01:00</updated>
            <summary>
                <![CDATA[
                    mail: asmusbusck@gmail.com
                ]]>
            </summary>
        <content type="html">
            <![CDATA[
                <p>mail: <a href="mailto:asmusbusck+sekvens@gmail.com" target="_blank" rel="noopener noreferrer">asmusbusck@gmail.com</a></p>
            ]]>
        </content>
    </entry>
    <entry>
        <title>SEKVENS DJ festival (2024)</title>
        <author>
            <name>sekvens</name>
        </author>
        <link href="https://sekvens.buro.earth/sekvens-dj-festival-2024.html"/>
        <id>https://sekvens.buro.earth/sekvens-dj-festival-2024.html</id>
        <media:content url="https://sekvens.buro.earth/media/posts/17/449181210_10162321754904883_9096389936249560836_n.jpg" medium="image" />
            <category term="events"/>

        <updated>2024-08-30T16:00:00+02:00</updated>
            <summary>
                <![CDATA[
                        <img src="https://sekvens.buro.earth/media/posts/17/449181210_10162321754904883_9096389936249560836_n.jpg" alt="" />
                    SEKVENS DJ FESTIVAL will be born on the 30st of August in the last summer days of the year 2024. COCKTAILS - DANCEABLE DJs - BEACH&hellip;
                ]]>
            </summary>
        <content type="html">
            <![CDATA[
                    <p><img src="https://sekvens.buro.earth/media/posts/17/449181210_10162321754904883_9096389936249560836_n.jpg" class="type:primaryImage" alt="" /></p>
                <div class="x11i5rnm xat24cr x1mh8g0r x1vvkbs xtlvy1s">
<div class="x11i5rnm xat24cr x1mh8g0r x1vvkbs xtlvy1s"><strong>SEKVENS DJ FESTIVAL</strong> will be born on the 30st of August in the last summer days of the year 2024.</div>
<h2 class="glitch" data-text="
             COCKTAILS – DANCEABLE DJs - BEACH - BEAUTIFUL PEOPLE - TENT PLACE IN SHADY FOREST - MEDIEVAL CASTLE TOWER DANCE FLOOR">COCKTAILS - DANCEABLE DJs - BEACH - BEAUTIFUL PEOPLE - TENT PLACE IN SHADY FOREST - MEDIEVAL CASTLE TOWER DANCE FLOOR</h2>
<div> </div>
<div class="x11i5rnm xat24cr x1mh8g0r x1vvkbs xtlvy1s"><strong>SEKVENS DJ FESTIVAL</strong> is a small, exclusive festival!</div>
<div class="x11i5rnm xat24cr x1mh8g0r x1vvkbs xtlvy1s">Follow this page for continuous updates on the <strong>DJ line-up</strong>, as well as <strong>INFO</strong> about when ticket sales start.</div>
<div>
<h1>Line up</h1>
<h2>Matriark</h2>
<article class="">
<h2 class=""><figure class=""><img loading="lazy"  src="https://sekvens.buro.earth/media/posts/17/Matriark_Morten_Bentzon_Main.jpg" alt="" width="4494" height="4494" sizes="(min-width: 920px) 703px, (min-width: 700px) calc(82vw - 35px), calc(100vw - 81px)" srcset="https://sekvens.buro.earth/media/posts/17/responsive/Matriark_Morten_Bentzon_Main-xs.jpg 300w ,https://sekvens.buro.earth/media/posts/17/responsive/Matriark_Morten_Bentzon_Main-sm.jpg 480w ,https://sekvens.buro.earth/media/posts/17/responsive/Matriark_Morten_Bentzon_Main-md.jpg 768w ,https://sekvens.buro.earth/media/posts/17/responsive/Matriark_Morten_Bentzon_Main-lg.jpg 1024w"></figure></h2>
<div class="">
<p>Copenhagen-based producer &amp; DJ, Matriark has justifiably earned her<br>spot in the worldwide clubbing<br>scene. Her music productions and DJing energy reflect the 90s and 00s<br>trance era, but also expand the genre with sentimental value additions<br>of the current era. Being a part of the infamous Bunkerbauer<br>collective, a resident at Den Anden Side, one half of duo PLAZA,<br>co-founder of Megatech Industries and a DRIFT Kyiv resident, the<br>Norwegian artist is currently one of the most reliable trance<br>equipment creators around.</p>
<div dir="auto">
<h3 class="glitch" data-text="https://soundcloud.com/matriarkcph"><a href="https://soundcloud.com/matriarkcph">soundcloud.com/matriarkcph</a></h3>
<p> </p>
<h2>Bilibili</h2>
</div>
</div>
</article>
<main class="content">
<div class="posts">
<article class="">
<figure class=""><figure class=""><img loading="lazy"  src="https://sekvens.buro.earth/media/posts/17/IMG_1299.jpeg" alt="" width="750" height="1334" sizes="(min-width: 920px) 703px, (min-width: 700px) calc(82vw - 35px), calc(100vw - 81px)" srcset="https://sekvens.buro.earth/media/posts/17/responsive/IMG_1299-xs.jpeg 300w ,https://sekvens.buro.earth/media/posts/17/responsive/IMG_1299-sm.jpeg 480w ,https://sekvens.buro.earth/media/posts/17/responsive/IMG_1299-md.jpeg 768w ,https://sekvens.buro.earth/media/posts/17/responsive/IMG_1299-lg.jpeg 1024w"></figure></figure>
<div class="">
<div dir="auto">BiliBili forkæler dansegulvets folk med en atmosfære af sexy og groovy prog trance og gammel tech house, der presser de +140 bpm. Efter at have pushet musik hele sit liv, har BiliBili fundet et specielt sted i sig for den nostalgiske halvfemser Goa-lyd og nuller UK-tech scene. Dog skal man regne med at blive overrasket med musik fra adskillige andre scener også - især den franske freetek- og Detroit electro scene. </div>
<div dir="auto">
<h3 class="glitch" data-text="https://soundcloud.com/bilibilixx"><a href="https://soundcloud.com/bilibilixx">soundcloud.com/bilibilixx</a></h3>
</div>
</div>
</article>
<article class="">
<h2>Cross Continental Collective: "ಜೆನೋ ಮೊಗಿ"</h2>
<figure class=""><figure class=""><img loading="lazy"  src="https://sekvens.buro.earth/media/posts/17/crosscontinental.jpg" alt="" width="2048" height="1536" sizes="(min-width: 920px) 703px, (min-width: 700px) calc(82vw - 35px), calc(100vw - 81px)" srcset="https://sekvens.buro.earth/media/posts/17/responsive/crosscontinental-xs.jpg 300w ,https://sekvens.buro.earth/media/posts/17/responsive/crosscontinental-sm.jpg 480w ,https://sekvens.buro.earth/media/posts/17/responsive/crosscontinental-md.jpg 768w ,https://sekvens.buro.earth/media/posts/17/responsive/crosscontinental-lg.jpg 1024w"></figure></figure>
<div class="">
<div dir="auto">
<p>Sæt tænderne i Cross Continental Collective: "ಜೆನೋ ಮೊಗಿ".</p>
<p>Vi elsker eksperimenter og har en grænseløs tilgang til musikalskegenrer. I vores gryder mixer vi alt fra bollywood bangers, sydende brazilianske sambaer over columbianske cumbias tilsat atlantiske afrobeats. Eller fusionerer tyrkisk disko og organiske grooves på en bund af lækker house. Smag pa musikken, når vi fortæller røver historie fra de varme lande!</p>
</div>
<div dir="auto">
<h3 class="glitch" data-text="https://soundcloud.com/mogalike"><a href="https://soundcloud.com/mogalike">soundcloud.com/mogalike</a></h3>
</div>
</div>
</article>
<article class=""><header>
<h2 class="">Eline B</h2>
<h2 class=""><figure class=""><img loading="lazy"  style="color: var(--text-primary-color); font-family: var(--editor-font-family); font-size: inherit; font-weight: var(--font-weight-normal);" src="https://sekvens.buro.earth/media/posts/17/310598568_788654052292089_616943038484441626_n.jpg" alt="" width="394" height="394" sizes="(min-width: 920px) 703px, (min-width: 700px) calc(82vw - 35px), calc(100vw - 81px)" srcset="https://sekvens.buro.earth/media/posts/17/responsive/310598568_788654052292089_616943038484441626_n-xs.jpg 300w ,https://sekvens.buro.earth/media/posts/17/responsive/310598568_788654052292089_616943038484441626_n-sm.jpg 480w ,https://sekvens.buro.earth/media/posts/17/responsive/310598568_788654052292089_616943038484441626_n-md.jpg 768w ,https://sekvens.buro.earth/media/posts/17/responsive/310598568_788654052292089_616943038484441626_n-lg.jpg 1024w"></figure></h2>
</header>
<div class="">
<p>Eline B har i flere år produceret undergrundsarrangementer i Odense. Hun er kendt som initiativtageren til Hulen, Odeology og WATERPLZ. Eline ved, hvad et dansegulv har brug for. Hendes mixes bevæger sig mellem house, disco og techno, men på denne seneste sommernat dedikerer hun sig til techno.</p>
<div dir="auto"><a href="https://www.mixcloud.com/ElineB89">
<h3 class="glitch" data-text="https://www.mixcloud.com/ElineB89">mixcloud.com/ElineB89</h3>
</a></div>
</div>
</article>
<article class=""><header>
<h2 class="">Fyns Amt (Jakob Schmidt B2b Asmus Busck )</h2>
<h2 class=""><figure class=""><img loading="lazy"  style="color: var(--text-primary-color); font-family: var(--editor-font-family); font-size: inherit; font-weight: var(--font-weight-normal);" src="https://sekvens.buro.earth/media/posts/17/fynsamt-1.jpg" alt="" width="768" height="1024" sizes="(min-width: 920px) 703px, (min-width: 700px) calc(82vw - 35px), calc(100vw - 81px)" srcset="https://sekvens.buro.earth/media/posts/17/responsive/fynsamt-1-xs.jpg 300w ,https://sekvens.buro.earth/media/posts/17/responsive/fynsamt-1-sm.jpg 480w ,https://sekvens.buro.earth/media/posts/17/responsive/fynsamt-1-md.jpg 768w ,https://sekvens.buro.earth/media/posts/17/responsive/fynsamt-1-lg.jpg 1024w"></figure></h2>
</header>
<div class="">
<p>Fyns Amt spiller funky, up-tempo techno, super nye tracks, legendarisk techno, men mest af alt evergreens fra fremtiden. Ind imellem kan det være,at der snyder sig et lokalt track eller to på pulten.</p>
</div>
</article>
<article class=""><header>
<h2 class="">Jolie</h2>
<h2 class=""><figure class=""><img loading="lazy"  style="color: var(--text-primary-color); font-family: var(--editor-font-family); font-size: inherit; font-weight: var(--font-weight-normal);" src="https://sekvens.buro.earth/media/posts/17/441545302_17964779549733183_964797049131518232_n.jpg" alt="" width="1080" height="1350" sizes="(min-width: 920px) 703px, (min-width: 700px) calc(82vw - 35px), calc(100vw - 81px)" srcset="https://sekvens.buro.earth/media/posts/17/responsive/441545302_17964779549733183_964797049131518232_n-xs.jpg 300w ,https://sekvens.buro.earth/media/posts/17/responsive/441545302_17964779549733183_964797049131518232_n-sm.jpg 480w ,https://sekvens.buro.earth/media/posts/17/responsive/441545302_17964779549733183_964797049131518232_n-md.jpg 768w ,https://sekvens.buro.earth/media/posts/17/responsive/441545302_17964779549733183_964797049131518232_n-lg.jpg 1024w"></figure></h2>
</header>
<div class="">
<div id=":nz" class="ii gt">
<div id=":ny" class="a3s aiL">
<div dir="auto">
<div dir="auto">Based in Cph &amp; of Tanzanian descent, @joliekubini explores sounds from Africa &amp; the African diaspora - from beats with highlife samples to gqom sounds, kuduro &amp; beyond. She brings unique selections &amp; has made her mark in a remarkably short time</div>
</div>
</div>
</div>
<div id=":pb" class="hq gt"></div>
<div dir="auto"><a href="https://www.instagram.com/p/C6s9FLNM2Y-/?igsh=OHZmenJkeXZkc3ps">
<h3 class="glitch" data-text="instagram.com/joliekubini">instagram.com/joliekubini</h3>
</a></div>
</div>
</article>
<article class=""><header>
<h2 class="">Lasse Munk</h2>
<h2 class=""><figure class=""><img loading="lazy"  style="color: var(--text-primary-color); font-family: var(--editor-font-family); font-size: inherit; font-weight: var(--font-weight-normal);" src="https://sekvens.buro.earth/media/posts/17/Lasseplastik.png" alt="" width="2592" height="1728" sizes="(min-width: 920px) 703px, (min-width: 700px) calc(82vw - 35px), calc(100vw - 81px)" srcset="https://sekvens.buro.earth/media/posts/17/responsive/Lasseplastik-xs.png 300w ,https://sekvens.buro.earth/media/posts/17/responsive/Lasseplastik-sm.png 480w ,https://sekvens.buro.earth/media/posts/17/responsive/Lasseplastik-md.png 768w ,https://sekvens.buro.earth/media/posts/17/responsive/Lasseplastik-lg.png 1024w"></figure></h2>
</header>
<div class="">
<div id=":nz" class="ii gt">
<div id=":ny" class="a3s aiL">
<div dir="auto">
<div dir="auto">Lasse Munk tilføjer et pift soothing-electro-hygge til din sekvens søndagsmorgenmad.</div>
</div>
</div>
</div>
<div id=":pb" class="hq gt"></div>
<div dir="auto"><a href="https://www.spektrogram.dk/">
<h3 class="glitch" data-text="spektrogram.dk">spektrogram.dk</h3>
</a></div>
</div>
</article>
<article class=""><header></header></article>
<article class=""><header>
<h2 class="">Merkula</h2>
<h2 class=""><figure class=""><img loading="lazy"  style="color: var(--text-primary-color); font-family: var(--editor-font-family); font-size: inherit; font-weight: var(--font-weight-normal);" src="https://sekvens.buro.earth/media/posts/17/IMG_20230101_011705.jpg" alt="" width="2448" height="3264" sizes="(min-width: 920px) 703px, (min-width: 700px) calc(82vw - 35px), calc(100vw - 81px)" srcset="https://sekvens.buro.earth/media/posts/17/responsive/IMG_20230101_011705-xs.jpg 300w ,https://sekvens.buro.earth/media/posts/17/responsive/IMG_20230101_011705-sm.jpg 480w ,https://sekvens.buro.earth/media/posts/17/responsive/IMG_20230101_011705-md.jpg 768w ,https://sekvens.buro.earth/media/posts/17/responsive/IMG_20230101_011705-lg.jpg 1024w"></figure></h2>
</header>
<div class="">
<p>Merkula has played in Odense, Aarhus and Copenhagen. Making music for over 10 years, and 7 years of techno, she is planning to play some new unreleased tracks no one has heard before. Being a part of Odeology, it was only a given the answer was yes to play elsewhere on Funen. Her music as a mix of gritty heavy bangers to hypnotic evolving tracks.</p>
<div dir="auto"><a href="https://soundcloud.com/merkula">
<h3 class="glitch" data-text="https://soundcloud.com/merkula">soundcloud.com/merkula</h3>
</a></div>
</div>
</article>
<article class=""><header>
<h2>One Love Sound</h2>
<h2 class=""><figure class=""><img loading="lazy"  style="color: var(--text-primary-color); font-family: var(--editor-font-family); font-size: inherit; font-weight: var(--font-weight-normal);" src="https://sekvens.buro.earth/media/posts/17/djhenning-2.jpg" alt="" width="830" height="554" sizes="(min-width: 920px) 703px, (min-width: 700px) calc(82vw - 35px), calc(100vw - 81px)" srcset="https://sekvens.buro.earth/media/posts/17/responsive/djhenning-2-xs.jpg 300w ,https://sekvens.buro.earth/media/posts/17/responsive/djhenning-2-sm.jpg 480w ,https://sekvens.buro.earth/media/posts/17/responsive/djhenning-2-md.jpg 768w ,https://sekvens.buro.earth/media/posts/17/responsive/djhenning-2-lg.jpg 1024w"></figure></h2>
</header>
<div class="">
<p>DJ Henning (One love sound) er først og fremmest kendt for sit reggae-radioprogram, “Reggae Moods,” som har været sendt hver uge i mere end 25 år. Siden efteråret 2021 har han også optrådt som “Reggae Moods One Love Sound” ved forskellige arrangementer, herunder Reggae Spot i Odense og Svendborg, Long Island Culture Camp, Støberiet og 48-timers festivalen i København. DJ Hennings optræden er præget af hans store passion for roots reggae, og han formår at kommunikere med sit publikum. Når stemningen er til det, synger han gerne til backtracks og får virkelig sat gang i festen.</p>
<div dir="auto"><a href="https://www.facebook.com/reggaemoods.dk">
<h3 class="glitch" data-text="facebook.com/reggaemoods.dk">facebook.com/reggaemoods.dk</h3>
</a></div>
</div>
</article>
<article class=""><header>
<h2 class="">Pace+lead</h2>
<h2 class=""><figure class=""><img loading="lazy"  style="color: var(--text-primary-color); font-family: var(--editor-font-family); font-size: inherit; font-weight: var(--font-weight-normal);" src="https://sekvens.buro.earth/media/posts/17/Kopi-af-pacelead-pic.png" alt="" width="349" height="261" sizes="(min-width: 920px) 703px, (min-width: 700px) calc(82vw - 35px), calc(100vw - 81px)" srcset="https://sekvens.buro.earth/media/posts/17/responsive/Kopi-af-pacelead-pic-xs.png 300w ,https://sekvens.buro.earth/media/posts/17/responsive/Kopi-af-pacelead-pic-sm.png 480w ,https://sekvens.buro.earth/media/posts/17/responsive/Kopi-af-pacelead-pic-md.png 768w ,https://sekvens.buro.earth/media/posts/17/responsive/Kopi-af-pacelead-pic-lg.png 1024w"></figure></h2>
</header>
<div class="">
<p>pace+lead (he/him) is a sound designer by day and electronic experimentalist at night. He’s<br>been a part of the electronic music scene in Odense for years and is a resident DJ at<br>Odeology and Waterplz as well as co-founder of the latter.<br>pace+lead breathes experimentation and has a borderless approach to genres in his own<br>music. His latest EP-release "Escape" is a five track personal therapeutic flee into a universe<br>of contrasts. A euphoric address where fast and rolling grooves live side by side with weird<br>beats and dark pop with distorted vocals. The entanglement of the sonic entities is an<br>industrial landscape driven by emotional expression. This exploration will be further explored<br>in upcoming releases in 2024.<br>Alien sounds, liquidy atmospheres and sticky grooves should be expected to hit your<br>sensory canal system when he’s to be found behind the decks. The subgenres in his sets<br>can vary from tribal techno to trippy trance and hacker electro but hypnosis is always the<br>driving force of the pace+lead ufo.</p>
<div dir="auto">
<h3 class="glitch" data-text="https://soundcloud.com/paceandlead"><a href="https://soundcloud.com/paceandlead">soundcloud.com/paceandlead</a></h3>
</div>
</div>
</article>
<article class="">
<h2 class="">P(h)onyCat</h2>
<h2 class=""><figure class=""><img loading="lazy"  src="https://sekvens.buro.earth/media/posts/17/IMG_20240807_122907_698.jpg" alt="" width="2048" height="2048" sizes="(min-width: 920px) 703px, (min-width: 700px) calc(82vw - 35px), calc(100vw - 81px)" srcset="https://sekvens.buro.earth/media/posts/17/responsive/IMG_20240807_122907_698-xs.jpg 300w ,https://sekvens.buro.earth/media/posts/17/responsive/IMG_20240807_122907_698-sm.jpg 480w ,https://sekvens.buro.earth/media/posts/17/responsive/IMG_20240807_122907_698-md.jpg 768w ,https://sekvens.buro.earth/media/posts/17/responsive/IMG_20240807_122907_698-lg.jpg 1024w"></figure></h2>
<div class="">
<div id=":nz" class="ii gt">
<div id=":ny" class="a3s aiL">
<div dir="auto">P(h)onyCat  har været resident dj &amp; booker for Relaxpiremental floor på Freqs of Nature (de)  og har spillet &amp; arbejdet på store festivaller som: Ozora Festival(HU) Atman Festival (Sri) Modem festival(ch) <br>Samt. dj’et på de Berlinske clubber som Suicide Club, Mensh Meier &amp; Loophole.<br><br>I 2020 udgav hun en compilation(v/a) på det berlinske Mindwaves Music.  Med titlen Pnyø.<br>En 11 Tracks V/A med musik fra bl.a. Karsten Pflum, Sofus Forsberg, BandAne mf. En musikalsk kærligheds erklæring til hendes ungdom i den Aarhusanske elektronika scene i 00’erne<br><br>P(h)onyCat kommer forbi Sekvens om søndagen med et udsnit af sin pladesamling, fyldt jazz, 90er elektronika, trip hop &amp; andet nostalgisk øre guf.<br>Det blir jazzet &amp; sjov, eftermiddags hygge session.</div>
</div>
</div>
<div id=":pb" class="hq gt"></div>
<div dir="auto"><a href="https://soundcloud.com/matti-p-h-onycat">
<h3 class="glitch" data-text="soundcloud.com/matti-p-h-onycat">soundcloud.com/matti-p-h-onycat</h3>
</a></div>
</div>
</article>
<article class=""><header>
<h2 class="">Pure:Ist</h2>
<h2 class=""><figure class=""><img loading="lazy"  style="color: var(--text-primary-color); font-family: var(--editor-font-family); font-size: inherit; font-weight: var(--font-weight-normal);" src="https://sekvens.buro.earth/media/posts/17/pureist.jpg" alt="" width="500" height="500" sizes="(min-width: 920px) 703px, (min-width: 700px) calc(82vw - 35px), calc(100vw - 81px)" srcset="https://sekvens.buro.earth/media/posts/17/responsive/pureist-xs.jpg 300w ,https://sekvens.buro.earth/media/posts/17/responsive/pureist-sm.jpg 480w ,https://sekvens.buro.earth/media/posts/17/responsive/pureist-md.jpg 768w ,https://sekvens.buro.earth/media/posts/17/responsive/pureist-lg.jpg 1024w"></figure></h2>
</header>
<div class="">
<p>Basque born DJ &amp; producer started loving electronic music in a very early age, where he found his real passion playing live long and evolving electronic sets around his city. Is in 2011 when he starts his adventure and goes to London, where he got inspiration playing in different venues along artists such a Frivolous, Alex Celler, Digitaline, Damian Schwartz, Glimpse, Alex Arnout, Clive Henry among others Specialised in evolving long sets thorough deep, house, dub &amp; breaky techno, and old school electro.</p>
<p>New chapter has come and after a long time focus in developing is production skills he is back Un/Masking A.K.A Pure:Ist where he has been creating grooves with friends/artist such a Aggi</p>
<div dir="auto">
<h3 class="glitch" data-text="soundcloud.com/pure_ist"><a href="https://soundcloud.com/pure_ist">soundcloud.com/pure_ist</a></h3>
</div>
</div>
</article>
<article class="">
<h2 class="">PsySquirter</h2>
<figure class=""><figure class=""><img loading="lazy"  src="https://sekvens.buro.earth/media/posts/17/psy.png" alt="" width="2000" height="2000" sizes="(min-width: 920px) 703px, (min-width: 700px) calc(82vw - 35px), calc(100vw - 81px)" srcset="https://sekvens.buro.earth/media/posts/17/responsive/psy-xs.png 300w ,https://sekvens.buro.earth/media/posts/17/responsive/psy-sm.png 480w ,https://sekvens.buro.earth/media/posts/17/responsive/psy-md.png 768w ,https://sekvens.buro.earth/media/posts/17/responsive/psy-lg.png 1024w"></figure></figure>
<div class="">
<p>Nadja larsen som går under navnet PsySquirter bag pulten, elsker og sovse rundt i trance undergrunds verdenen og har gjort det nogle år efterhånden, det er der hendes hjerte er og kærligheden begyndte.Hurtigt efter og have mærket energien, fik hun blod på tanden og ville samle folk til hendes egne fester og festivaller sammen med sine godtfolk fra nær og fjern, og kærligheden voksede endnu mere. Det har bragt hende rundt til utallige fester og festivaller rundt i hele Dk, og lande som Sverige, Norge, og en tur til Bulgarien. Rejsen er først lige begyndt. Det er højt tempo når musikken først spiller, som garantere dig danseværdi for de hurtigere sjæle.</p>
<div dir="auto"><a href="https://www.instagram.com/psysquirter">
<h3 class="glitch" data-text="instagram.com/psysquirter">instagram.com/psysquirter</h3>
</a><a href="https://www.facebook.com/PsySquirter">
<h3 class="glitch" data-text="facebook.com/PsySquirter">facebook.com/PsySquirter</h3>
</a></div>
</div>
</article>
<article class=""><header>
<h2>Rosenkrantz</h2>
<figure class=""><img loading="lazy"  src="https://sekvens.buro.earth/media/posts/17/avatars-000322902737-hv03ow-t500x500-2.jpg" alt="" width="500" height="500" sizes="(min-width: 920px) 703px, (min-width: 700px) calc(82vw - 35px), calc(100vw - 81px)" srcset="https://sekvens.buro.earth/media/posts/17/responsive/avatars-000322902737-hv03ow-t500x500-2-xs.jpg 300w ,https://sekvens.buro.earth/media/posts/17/responsive/avatars-000322902737-hv03ow-t500x500-2-sm.jpg 480w ,https://sekvens.buro.earth/media/posts/17/responsive/avatars-000322902737-hv03ow-t500x500-2-md.jpg 768w ,https://sekvens.buro.earth/media/posts/17/responsive/avatars-000322902737-hv03ow-t500x500-2-lg.jpg 1024w"></figure>
</header>
<div class=" ">
<p>Funen-based dj with a passion for the melodic side of techno and house.</p>
<div dir="auto "><a href="https://soundcloud.com/rosenkrantz">
<h3 class="glitch " data-text="https://soundcloud.com/rosenkrantz ">soundcloud.com/rosenkrantz</h3>
</a></div>
</div>
</article>
<article class=""><header>
<h2>Salti Brothers</h2>
<figure class=""><img loading="lazy"  src="https://sekvens.buro.earth/media/posts/17/IMG_3508.jpg" alt="" width="2042" height="2042" sizes="(min-width: 920px) 703px, (min-width: 700px) calc(82vw - 35px), calc(100vw - 81px)" srcset="https://sekvens.buro.earth/media/posts/17/responsive/IMG_3508-xs.jpg 300w ,https://sekvens.buro.earth/media/posts/17/responsive/IMG_3508-sm.jpg 480w ,https://sekvens.buro.earth/media/posts/17/responsive/IMG_3508-md.jpg 768w ,https://sekvens.buro.earth/media/posts/17/responsive/IMG_3508-lg.jpg 1024w"></figure>
</header>
<div class=" ">
<p>Salti Brothers, Farid (DJ Salti) and Ahmed (Aggi), started DJing together after Ahmed returned from London, where he participated in founding the club FOLD and the record label DIY Records.</p>
<p>Salti Brothers specialize in acid, techno, house, electrobreaks and arab-disco.</p>
<div dir="auto ">
<h3 class="glitch " data-text="https://soundcloud.com/ma-hada "><a href="https://soundcloud.com/ma-hada">soundcloud.com/ma-hada</a></h3>
</div>
</div>
</article>
<article class="">
<h2>Sarahabibi</h2>
<figure><figure class=""><img loading="lazy"  src="https://sekvens.buro.earth/media/posts/17/IMG_20240806_152656_84-1.jpg" alt="" width="720" height="720" sizes="(min-width: 920px) 703px, (min-width: 700px) calc(82vw - 35px), calc(100vw - 81px)" srcset="https://sekvens.buro.earth/media/posts/17/responsive/IMG_20240806_152656_84-1-xs.jpg 300w ,https://sekvens.buro.earth/media/posts/17/responsive/IMG_20240806_152656_84-1-sm.jpg 480w ,https://sekvens.buro.earth/media/posts/17/responsive/IMG_20240806_152656_84-1-md.jpg 768w ,https://sekvens.buro.earth/media/posts/17/responsive/IMG_20240806_152656_84-1-lg.jpg 1024w"></figure></figure>
<figure class=" "><span style="color: var(--text-primary-color); font-family: var(--editor-font-family); font-size: inherit; font-weight: var(--font-weight-normal);">Sarah</span><span style="color: var(--text-primary-color); font-family: var(--editor-font-family); font-size: inherit; font-weight: var(--font-weight-normal);">abibis sætlister sender dig på en rejse i de varme lande og skaber en magisk atmosfære med en spændende fusion af Italo disco, Habibifunk, Middle Eastern groove og Psychedelic funk. Hun inviterer dig med i et forførende lydunivers, der forvandler dansegulvet til en kulturel smeltedigel. </span></figure>
<div class=" ">
<div id=":pb " class="hq gt "></div>
<div dir="auto "><a href="https://open.spotify.com/playlist/4f4xya5gftq6MjyN0FFY5o?si=XKQLER7dSrqPnr3skHzgDw&amp;pi=OZa7XrJVQCypI&amp;nd=1&amp;dlsi=40e65dc70aa74865">
<h3 class="glitch " data-text="spotify mix ">spotify mix</h3>
</a></div>
</div>
</article>
<article class=""><header>
<h2>Tec2nisk</h2>
<figure class=""><img loading="lazy"  src="https://sekvens.buro.earth/media/posts/17/artworks-FkzOkLhIytfD2GKz-VHvh7g-t500x500.jpg" alt="" width="500" height="500" sizes="(min-width: 920px) 703px, (min-width: 700px) calc(82vw - 35px), calc(100vw - 81px)" srcset="https://sekvens.buro.earth/media/posts/17/responsive/artworks-FkzOkLhIytfD2GKz-VHvh7g-t500x500-xs.jpg 300w ,https://sekvens.buro.earth/media/posts/17/responsive/artworks-FkzOkLhIytfD2GKz-VHvh7g-t500x500-sm.jpg 480w ,https://sekvens.buro.earth/media/posts/17/responsive/artworks-FkzOkLhIytfD2GKz-VHvh7g-t500x500-md.jpg 768w ,https://sekvens.buro.earth/media/posts/17/responsive/artworks-FkzOkLhIytfD2GKz-VHvh7g-t500x500-lg.jpg 1024w"></figure>
</header>
<div class=" ">
<div dir="auto "> </div>
<div dir="auto ">Tec2nisk (ASTA MARI b2B Louie32)</div>
<div dir="auto ">Tec2nisk redefine techno with their track selection and genre fluidity. They distinguish themselves from the mainstream, taking listeners on a captivating and unpredictable journey through the depths of electronic music that is as brutal as it is mesmerizing. Prepare for a fusion of hardcore, acid, trance, breakbeat and electro.</div>
<div dir="auto "><a href="https://soundcloud.com/louie32-0/tec2nisk-b2b-mix-1-louie32-asta-mari">
<h3 class="glitch " data-text="soundcloud.com/louie32-0/tec2nisk-b2b-mix-1-louie32-asta-mari ">soundcloud.com/louie32-0/tec2nisk-b2b-mix-1-louie32-asta-mari</h3>
</a></div>
</div>
</article>
</div>
</main><footer class="footer ">
<div class="footer__inner ">
<div class="footer__copyright "> </div>
</div>
</footer></div>
</div>
            ]]>
        </content>
    </entry>
</feed>
