{
    "version": "https://jsonfeed.org/version/1",
    "title": "sekvens buro",
    "description": "",
    "home_page_url": "https://sekvens.buro.earth",
    "feed_url": "https://sekvens.buro.earth/feed.json",
    "user_comment": "",
    "icon": "https://sekvens.buro.earth/media/website/moh.icon.gif",
    "author": {
        "name": "sekvens"
    },
    "items": [
        {
            "id": "https://sekvens.buro.earth/hedo-hydr8-muskila.html",
            "url": "https://sekvens.buro.earth/hedo-hydr8-muskila.html",
            "title": "Hedo Hydr8 + Muskila",
            "summary": "Line up:",
            "content_html": "<p>Line up:</p>\n<ul>\n<li>Hedo Hydr8 (b2b) Muskila</li>\n<li><a href=\"https://sekvens.buro.earth/salti-brothers.html\">Salti Bros</a></li>\n<li><a href=\"https://sekvens.buro.earth/fyns-amt.html\">Fyns Amt</a></li>\n<li><a href=\"https://sekvens.buro.earth/sarahabibi.html\">Sarahabibi</a></li>\n<li><a href=\"https://sekvens.buro.earth/supernihil.html\">Supernihil</a> (visuals)</li>\n</ul>\n<p> </p>",
            "image": "https://sekvens.buro.earth/media/posts/15/poster.version.2.png",
            "author": {
                "name": "sekvens"
            },
            "tags": [
                   "events"
            ],
            "date_published": "2025-01-25T20:00:00+01:00",
            "date_modified": "2025-01-25T20:00:00+01:00"
        },
        {
            "id": "https://sekvens.buro.earth/solhverv.html",
            "url": "https://sekvens.buro.earth/solhverv.html",
            "title": "Solhverv",
            "summary": "MASKINEN og SEKVENS DJ-Kollektiv fejrer solhverv d.21 december. Vi håber på, at se alle slags godtfolk samlet til, at hverve solen, på årets korteste dag.",
            "content_html": "<p>MASKINEN og SEKVENS DJ-Kollektiv fejrer solhverv d.21 december. Vi håber på, at se alle slags godtfolk samlet til, at hverve solen, på årets korteste dag.</p>\n<p>Dørene åbner kl. 20.00.</p>\n<p>PROGRAM:</p>\n<ul>\n<li><a href=\"#non-existing-post-with-id-13\">Dj peik</a> 20.00-21.00</li>\n<li><a href=\"https://sekvens.buro.earth/salti-brothers.html\">Salti brothers</a> 21.00-22.00</li>\n<li><a href=\"https://sekvens.buro.earth/sarahabibi.html\">Sarahabibbi</a> 22.00-23.00</li>\n<li><a href=\"https://sekvens.buro.earth/rosenkrantz.html\">Rosenkrantz</a> 23.00-00.00</li>\n<li>Dj Monokel 00.00-01.00</li>\n<li><a href=\"https://sekvens.buro.earth/fyns-amt.html\">Fyns Amt</a> 01.00-02.00</li>\n</ul>\n<p>Visuals: <a href=\"https://sekvens.buro.earth/supernihil.html\">Supernihil</a></p>\n<p>Billetpris: 80 / 60 / 00 kr.</p>",
            "image": "https://sekvens.buro.earth/media/posts/6/469294045_27780503088260089_1368971433565902465_n-ezgif.com-optimize.gif",
            "author": {
                "name": "sekvens"
            },
            "tags": [
                   "events"
            ],
            "date_published": "2024-12-21T20:00:00+01:00",
            "date_modified": "2024-12-21T20:00:00+01:00"
        },
        {
            "id": "https://sekvens.buro.earth/sarahabibi.html",
            "url": "https://sekvens.buro.earth/sarahabibi.html",
            "title": "Sarahabibi",
            "summary": "Sarahabibis sætlister sender dig på en rejse i de varme lande og skaber en magisk atmosfære med en spændende fusion af Italo disco, Habibifunk, Middle&hellip;",
            "content_html": "<div dir=\"auto\">Sarahabibis sætlister sender dig på en rejse i de varme lande og skaber en magisk atmosfære med en spændende fusion af Italo disco, Habibifunk, Middle Eastern groove og Psychedelic funk. </div>\n<div dir=\"auto\">Hun inviterer dig med i et forførende lydunivers, der forvandler dansegulvet til en kulturel smeltedigel.</div>",
            "image": "https://sekvens.buro.earth/media/posts/14/IMG_20240806_152656_84.jpg",
            "author": {
                "name": "sekvens"
            },
            "tags": [
                   "artists"
            ],
            "date_published": "2024-12-05T22:50:21+01:00",
            "date_modified": "2024-12-14T14:54:11+01:00"
        },
        {
            "id": "https://sekvens.buro.earth/mormor.html",
            "url": "https://sekvens.buro.earth/mormor.html",
            "title": "Dj Mormor",
            "summary": "DJ: Sexy house, zouk bass and melodic techno",
            "content_html": "<p>DJ: Sexy house, zouk bass and melodic techno</p>",
            "image": "https://sekvens.buro.earth/media/posts/12/avatars-000148535880-jfeb8t-t500x500.jpg",
            "author": {
                "name": "sekvens"
            },
            "tags": [
                   "artists"
            ],
            "date_published": "2024-12-05T22:21:05+01:00",
            "date_modified": "2024-12-05T22:49:31+01:00"
        },
        {
            "id": "https://sekvens.buro.earth/rosenkrantz.html",
            "url": "https://sekvens.buro.earth/rosenkrantz.html",
            "title": "Rosenkrantz",
            "summary": "Funen-based dj with a passion for the melodic side of techno and house.",
            "content_html": "<p>Funen-based dj with a passion for the melodic side of techno and house.</p>",
            "image": "https://sekvens.buro.earth/media/posts/11/rosenkrantz.jpg",
            "author": {
                "name": "sekvens"
            },
            "tags": [
                   "artists"
            ],
            "date_published": "2024-12-05T22:16:07+01:00",
            "date_modified": "2024-12-05T22:20:14+01:00"
        },
        {
            "id": "https://sekvens.buro.earth/supernihil.html",
            "url": "https://sekvens.buro.earth/supernihil.html",
            "title": "Supernihil",
            "summary": "supernihil er en lokal visuel artist.",
            "content_html": "<p>supernihil er en lokal visuel artist.</p>",
            "image": "https://sekvens.buro.earth/media/posts/10/Screenshot-from-2024-12-05-22-12-40.png",
            "author": {
                "name": "sekvens"
            },
            "tags": [
                   "artists"
            ],
            "date_published": "2024-12-05T22:13:02+01:00",
            "date_modified": "2024-12-14T14:56:56+01:00"
        },
        {
            "id": "https://sekvens.buro.earth/salti-brothers.html",
            "url": "https://sekvens.buro.earth/salti-brothers.html",
            "title": "Salti brothers",
            "summary": "Salti Brothers, Farid (DJ Salti) and Ahmed (Aggi), started DJing together after Ahmed returned from London, where he participated in founding the club FOLD and&hellip;",
            "content_html": "<p>Salti Brothers, Farid (DJ Salti) and Ahmed (Aggi), started DJing together after Ahmed returned from London, where he participated in founding the club FOLD and the record label DIY Records.</p>\n<p>Salti Brothers specialize in acid, techno, house, electrobreaks and arab-electronic.</p>",
            "image": "https://sekvens.buro.earth/media/posts/9/salti.jpg",
            "author": {
                "name": "sekvens"
            },
            "tags": [
                   "artists"
            ],
            "date_published": "2024-12-05T21:39:50+01:00",
            "date_modified": "2024-12-14T14:57:05+01:00"
        },
        {
            "id": "https://sekvens.buro.earth/fyns-amt.html",
            "url": "https://sekvens.buro.earth/fyns-amt.html",
            "title": "Fyns amt",
            "summary": "Fyns Amt (Jakob Schmidt B2b Asmus Busck) spiller funky, up-tempo techno, super nye tracks, legendarisk techno, men mest af alt evergreens fra fremtiden. Ind imellem&hellip;",
            "content_html": "<article class=\"post\">\n<div class=\"post__entry\">\n<p>Fyns Amt (Jakob Schmidt B2b Asmus Busck) spiller funky, up-tempo techno, super nye tracks, legendarisk techno, men mest af alt evergreens fra fremtiden. Ind imellem kan det være,at der snyder sig et lokalt track eller to på pulten.</p>\n</div>\n</article>",
            "image": "https://sekvens.buro.earth/media/posts/8/fynsamt.jpg",
            "author": {
                "name": "sekvens"
            },
            "tags": [
                   "artists"
            ],
            "date_published": "2024-12-05T21:39:21+01:00",
            "date_modified": "2024-12-05T22:01:22+01:00"
        },
        {
            "id": "https://sekvens.buro.earth/contact-2.html",
            "url": "https://sekvens.buro.earth/contact-2.html",
            "title": "contact",
            "summary": "mail: asmusbusck@gmail.com",
            "content_html": "<p>mail: <a href=\"mailto:asmusbusck+sekvens@gmail.com\" target=\"_blank\" rel=\"noopener noreferrer\">asmusbusck@gmail.com</a></p>",
            "author": {
                "name": "sekvens"
            },
            "tags": [
                   "contact"
            ],
            "date_published": "2024-12-05T18:57:43+01:00",
            "date_modified": "2024-12-05T21:38:33+01:00"
        },
        {
            "id": "https://sekvens.buro.earth/sekvens-dj-festival-2024.html",
            "url": "https://sekvens.buro.earth/sekvens-dj-festival-2024.html",
            "title": "SEKVENS DJ festival (2024)",
            "summary": "SEKVENS DJ festival are born on the 30st of August in the last summer days of the year. The FESTIVAL is within cycling distance from&hellip;",
            "content_html": "<div class=\"x11i5rnm xat24cr x1mh8g0r x1vvkbs xtlvy1s\">SEKVENS DJ festival are born on the 30st of August in the last summer days of the year.</div>\n<div class=\"x11i5rnm xat24cr x1mh8g0r x1vvkbs xtlvy1s\">The FESTIVAL is within cycling distance from SVENDBORG, and takes place among firs and deciduous trees on Aserbo's beautiful ground, where there is room for adventure!</div>",
            "image": "https://sekvens.buro.earth/media/posts/17/449181210_10162321754904883_9096389936249560836_n.jpg",
            "author": {
                "name": "sekvens"
            },
            "tags": [
                   "events"
            ],
            "date_published": "2024-08-30T16:00:00+02:00",
            "date_modified": "2024-12-10T19:54:02+01:00"
        }
    ]
}
