<?xml version="1.0" encoding="utf-8"?>
<feed xmlns="http://www.w3.org/2005/Atom" xmlns:media="http://search.yahoo.com/mrss/">
    <title>sekvens buro</title>
    <link href="https://sekvens.buro.earth/feed.xml" rel="self" />
    <link href="https://sekvens.buro.earth" />
    <updated>2025-01-25T20:00:00+01:00</updated>
    <author>
        <name>sekvens</name>
    </author>
    <id>https://sekvens.buro.earth</id>

    <entry>
        <title>Hedo Hydr8 + Muskila</title>
        <author>
            <name>sekvens</name>
        </author>
        <link href="https://sekvens.buro.earth/hedo-hydr8-muskila.html"/>
        <id>https://sekvens.buro.earth/hedo-hydr8-muskila.html</id>
        <media:content url="https://sekvens.buro.earth/media/posts/15/poster.version.2.png" medium="image" />
            <category term="events"/>

        <updated>2025-01-25T20:00:00+01:00</updated>
            <summary>
                <![CDATA[
                        <img src="https://sekvens.buro.earth/media/posts/15/poster.version.2.png" alt="" />
                    Sekvens dj-kollektiv er blevet inviteret til, at stå for en aften på christianshavns beboerhus. Udover de sydfynske djs har vi to gæster på plakaten. Aftenen&hellip;
                ]]>
            </summary>
        <content type="html">
            <![CDATA[
                    <p><img src="https://sekvens.buro.earth/media/posts/15/poster.version.2.png" class="type:primaryImage" alt="" /></p>
                <p>Sekvens dj-kollektiv er blevet inviteret til, at stå for en aften på<br>christianshavns beboerhus. Udover de sydfynske djs har vi to gæster på<br>plakaten. Aftenen byder på en række af genrer fra tunge lp vinyler med<br>habibi funk til helt ny arab electronics.</p>
<p>Line up:</p>
<ul>
<li><a href="https://soundcloud.com/hedohydr8">Hedo Hydr8</a> (b2b) <a href="https://www.instagram.com/_muskila">Muskila</a></li>
<li><a href="https://sekvens.buro.earth/salti-brothers.html">Salti Bros</a></li>
<li><a href="https://sekvens.buro.earth/fyns-amt.html">Fyns Amt</a></li>
<li><a href="https://sekvens.buro.earth/sarahabibi.html">Sarahabibi</a></li>
<li><a href="https://sekvens.buro.earth/supernihil.html">Supernihil</a> (visuals)</li>
</ul>
<figure class="post__video"><video loading="lazy" width="300" height="150" controls="controls" data-mce-fragment="1">
<source src="https://imgur.com/a/sWoNjoe" /></video></figure>
            ]]>
        </content>
    </entry>
    <entry>
        <title>Solhverv</title>
        <author>
            <name>sekvens</name>
        </author>
        <link href="https://sekvens.buro.earth/solhverv.html"/>
        <id>https://sekvens.buro.earth/solhverv.html</id>
        <media:content url="https://sekvens.buro.earth/media/posts/6/469294045_27780503088260089_1368971433565902465_n-ezgif.com-optimize.gif" medium="image" />
            <category term="events"/>

        <updated>2024-12-21T20:00:00+01:00</updated>
            <summary>
                <![CDATA[
                        <img src="https://sekvens.buro.earth/media/posts/6/469294045_27780503088260089_1368971433565902465_n-ezgif.com-optimize.gif" alt="" />
                    MASKINEN og SEKVENS DJ-Kollektiv fejrer solhverv d.21 december. Vi håber på, at se alle slags godtfolk samlet til, at hverve solen, på årets korteste dag.
                ]]>
            </summary>
        <content type="html">
            <![CDATA[
                    <p><img src="https://sekvens.buro.earth/media/posts/6/469294045_27780503088260089_1368971433565902465_n-ezgif.com-optimize.gif" class="type:primaryImage" alt="" /></p>
                <p>MASKINEN og SEKVENS DJ-Kollektiv fejrer solhverv d.21 december. Vi håber på, at se alle slags godtfolk samlet til, at hverve solen, på årets korteste dag.</p>
<p>Dørene åbner kl. 20.00.</p>
<p>PROGRAM:</p>
<ul>
<li><a href="#non-existing-post-with-id-13">Dj peik</a> 20.00-21.00</li>
<li><a href="https://sekvens.buro.earth/salti-brothers.html">Salti brothers</a> 21.00-22.00</li>
<li><a href="https://sekvens.buro.earth/sarahabibi.html">Sarahabibbi</a> 22.00-23.00</li>
<li><a href="https://sekvens.buro.earth/rosenkrantz.html">Rosenkrantz</a> 23.00-00.00</li>
<li>Dj Monokel 00.00-01.00</li>
<li><a href="https://sekvens.buro.earth/fyns-amt.html">Fyns Amt</a> 01.00-02.00</li>
</ul>
<p>Visuals: <a href="https://sekvens.buro.earth/supernihil.html">Supernihil</a></p>
<p>Billetpris: 80 / 60 / 00 kr.</p>
            ]]>
        </content>
    </entry>
    <entry>
        <title>Sarahabibi</title>
        <author>
            <name>sekvens</name>
        </author>
        <link href="https://sekvens.buro.earth/sarahabibi.html"/>
        <id>https://sekvens.buro.earth/sarahabibi.html</id>
        <media:content url="https://sekvens.buro.earth/media/posts/14/IMG_20240806_152656_84.jpg" medium="image" />
            <category term="artists"/>

        <updated>2024-12-05T22:50:21+01:00</updated>
            <summary>
                <![CDATA[
                        <img src="https://sekvens.buro.earth/media/posts/14/IMG_20240806_152656_84.jpg" alt="" />
                    Sarahabibis sætlister sender dig på en rejse i de varme lande og skaber en magisk atmosfære med en spændende fusion af Italo disco, Habibifunk, Middle&hellip;
                ]]>
            </summary>
        <content type="html">
            <![CDATA[
                    <p><img src="https://sekvens.buro.earth/media/posts/14/IMG_20240806_152656_84.jpg" class="type:primaryImage" alt="" /></p>
                <div dir="auto">Sarahabibis sætlister sender dig på en rejse i de varme lande og skaber en magisk atmosfære med en spændende fusion af Italo disco, Habibifunk, Middle Eastern groove og Psychedelic funk. </div>
<div dir="auto">Hun inviterer dig med i et forførende lydunivers, der forvandler dansegulvet til en kulturel smeltedigel.</div>
            ]]>
        </content>
    </entry>
    <entry>
        <title>Dj Mormor</title>
        <author>
            <name>sekvens</name>
        </author>
        <link href="https://sekvens.buro.earth/mormor.html"/>
        <id>https://sekvens.buro.earth/mormor.html</id>
        <media:content url="https://sekvens.buro.earth/media/posts/12/avatars-000148535880-jfeb8t-t500x500.jpg" medium="image" />
            <category term="artists"/>

        <updated>2024-12-05T22:21:05+01:00</updated>
            <summary>
                <![CDATA[
                        <img src="https://sekvens.buro.earth/media/posts/12/avatars-000148535880-jfeb8t-t500x500.jpg" alt="" />
                    DJ: Sexy house, zouk bass and melodic techno
                ]]>
            </summary>
        <content type="html">
            <![CDATA[
                    <p><img src="https://sekvens.buro.earth/media/posts/12/avatars-000148535880-jfeb8t-t500x500.jpg" class="type:primaryImage" alt="" /></p>
                <p>DJ: Sexy house, zouk bass and melodic techno</p>
            ]]>
        </content>
    </entry>
    <entry>
        <title>Rosenkrantz</title>
        <author>
            <name>sekvens</name>
        </author>
        <link href="https://sekvens.buro.earth/rosenkrantz.html"/>
        <id>https://sekvens.buro.earth/rosenkrantz.html</id>
        <media:content url="https://sekvens.buro.earth/media/posts/11/rosenkrantz.jpg" medium="image" />
            <category term="artists"/>

        <updated>2024-12-05T22:16:07+01:00</updated>
            <summary>
                <![CDATA[
                        <img src="https://sekvens.buro.earth/media/posts/11/rosenkrantz.jpg" alt="" />
                    Funen-based dj with a passion for the melodic side of techno and house.
                ]]>
            </summary>
        <content type="html">
            <![CDATA[
                    <p><img src="https://sekvens.buro.earth/media/posts/11/rosenkrantz.jpg" class="type:primaryImage" alt="" /></p>
                <p>Funen-based dj with a passion for the melodic side of techno and house.</p>
            ]]>
        </content>
    </entry>
    <entry>
        <title>Supernihil</title>
        <author>
            <name>sekvens</name>
        </author>
        <link href="https://sekvens.buro.earth/supernihil.html"/>
        <id>https://sekvens.buro.earth/supernihil.html</id>
        <media:content url="https://sekvens.buro.earth/media/posts/10/Screenshot-from-2024-12-05-22-12-40.png" medium="image" />
            <category term="artists"/>

        <updated>2024-12-05T22:13:02+01:00</updated>
            <summary>
                <![CDATA[
                        <img src="https://sekvens.buro.earth/media/posts/10/Screenshot-from-2024-12-05-22-12-40.png" alt="" />
                    supernihil er en lokal visuel artist.
                ]]>
            </summary>
        <content type="html">
            <![CDATA[
                    <p><img src="https://sekvens.buro.earth/media/posts/10/Screenshot-from-2024-12-05-22-12-40.png" class="type:primaryImage" alt="" /></p>
                <p>supernihil er en lokal visuel artist.</p>
            ]]>
        </content>
    </entry>
    <entry>
        <title>Salti brothers</title>
        <author>
            <name>sekvens</name>
        </author>
        <link href="https://sekvens.buro.earth/salti-brothers.html"/>
        <id>https://sekvens.buro.earth/salti-brothers.html</id>
        <media:content url="https://sekvens.buro.earth/media/posts/9/salti.jpg" medium="image" />
            <category term="artists"/>

        <updated>2024-12-05T21:39:50+01:00</updated>
            <summary>
                <![CDATA[
                        <img src="https://sekvens.buro.earth/media/posts/9/salti.jpg" alt="" />
                    Salti Brothers, Farid (DJ Salti) and Ahmed (Aggi), started DJing together after Ahmed returned from London, where he participated in founding the club FOLD and&hellip;
                ]]>
            </summary>
        <content type="html">
            <![CDATA[
                    <p><img src="https://sekvens.buro.earth/media/posts/9/salti.jpg" class="type:primaryImage" alt="" /></p>
                <p>Salti Brothers, Farid (DJ Salti) and Ahmed (Aggi), started DJing together after Ahmed returned from London, where he participated in founding the club FOLD and the record label DIY Records.</p>
<p>Salti Brothers specialize in acid, techno, house, electrobreaks and arab-electronic.</p>
            ]]>
        </content>
    </entry>
    <entry>
        <title>Fyns amt</title>
        <author>
            <name>sekvens</name>
        </author>
        <link href="https://sekvens.buro.earth/fyns-amt.html"/>
        <id>https://sekvens.buro.earth/fyns-amt.html</id>
        <media:content url="https://sekvens.buro.earth/media/posts/8/fynsamt.jpg" medium="image" />
            <category term="artists"/>

        <updated>2024-12-05T21:39:21+01:00</updated>
            <summary>
                <![CDATA[
                        <img src="https://sekvens.buro.earth/media/posts/8/fynsamt.jpg" alt="" />
                    Fyns Amt (Jakob Schmidt B2b Asmus Busck) spiller funky, up-tempo techno, super nye tracks, legendarisk techno, men mest af alt evergreens fra fremtiden. Ind imellem&hellip;
                ]]>
            </summary>
        <content type="html">
            <![CDATA[
                    <p><img src="https://sekvens.buro.earth/media/posts/8/fynsamt.jpg" class="type:primaryImage" alt="" /></p>
                <article class="post">
<div class="post__entry">
<p>Fyns Amt (Jakob Schmidt B2b Asmus Busck) spiller funky, up-tempo techno, super nye tracks, legendarisk techno, men mest af alt evergreens fra fremtiden. Ind imellem kan det være,at der snyder sig et lokalt track eller to på pulten.</p>
</div>
</article>
            ]]>
        </content>
    </entry>
    <entry>
        <title>contact</title>
        <author>
            <name>sekvens</name>
        </author>
        <link href="https://sekvens.buro.earth/contact-2.html"/>
        <id>https://sekvens.buro.earth/contact-2.html</id>
            <category term="contact"/>

        <updated>2024-12-05T18:57:43+01:00</updated>
            <summary>
                <![CDATA[
                    mail: asmusbusck@gmail.com
                ]]>
            </summary>
        <content type="html">
            <![CDATA[
                <p>mail: <a href="mailto:asmusbusck+sekvens@gmail.com" target="_blank" rel="noopener noreferrer">asmusbusck@gmail.com</a></p>
            ]]>
        </content>
    </entry>
    <entry>
        <title>SEKVENS DJ festival (2024)</title>
        <author>
            <name>sekvens</name>
        </author>
        <link href="https://sekvens.buro.earth/sekvens-dj-festival-2024.html"/>
        <id>https://sekvens.buro.earth/sekvens-dj-festival-2024.html</id>
        <media:content url="https://sekvens.buro.earth/media/posts/17/449181210_10162321754904883_9096389936249560836_n.jpg" medium="image" />
            <category term="events"/>

        <updated>2024-08-30T16:00:00+02:00</updated>
            <summary>
                <![CDATA[
                        <img src="https://sekvens.buro.earth/media/posts/17/449181210_10162321754904883_9096389936249560836_n.jpg" alt="" />
                    SEKVENS DJ festival are born on the 30st of August in the last summer days of the year. The FESTIVAL is within cycling distance from&hellip;
                ]]>
            </summary>
        <content type="html">
            <![CDATA[
                    <p><img src="https://sekvens.buro.earth/media/posts/17/449181210_10162321754904883_9096389936249560836_n.jpg" class="type:primaryImage" alt="" /></p>
                <div class="x11i5rnm xat24cr x1mh8g0r x1vvkbs xtlvy1s">SEKVENS DJ festival are born on the 30st of August in the last summer days of the year.</div>
<div class="x11i5rnm xat24cr x1mh8g0r x1vvkbs xtlvy1s">The FESTIVAL is within cycling distance from SVENDBORG, and takes place among firs and deciduous trees on Aserbo's beautiful ground, where there is room for adventure!</div>
            ]]>
        </content>
    </entry>
</feed>
