[
    {
        "path": "404.html",
        "type": "file",
        "md5": "a6d89d1e98d1dc030159ea98edb26f78"
    },
    {
        "path": "CNAME",
        "type": "file",
        "md5": "75f091339cd0285645766f49395d0d0b"
    },
    {
        "path": "asmus-busck.html",
        "type": "file",
        "md5": "13f6b2a39fd7a4001236f536693a1874"
    },
    {
        "path": "assets",
        "type": "directory",
        "md5": false
    },
    {
        "path": "assets/css",
        "type": "directory",
        "md5": false
    },
    {
        "path": "/assets/css/editor.css",
        "type": "file",
        "md5": "e5909a88ba1158a79ba2dbf82d6b2d86"
    },
    {
        "path": "/assets/css/main.css",
        "type": "file",
        "md5": "20c63eb052ce015288b2bdf5841729f6"
    },
    {
        "path": "/assets/css/photoswipe.css",
        "type": "file",
        "md5": "366561c4c503c68e3af3389ac4d7fb8e"
    },
    {
        "path": "/assets/css/style.css",
        "type": "file",
        "md5": "1657cdf8351e26b01bd12b72fc4583d6"
    },
    {
        "path": "assets/dynamic",
        "type": "directory",
        "md5": false
    },
    {
        "path": "assets/dynamic/fonts",
        "type": "directory",
        "md5": false
    },
    {
        "path": "assets/dynamic/fonts/jetbrainsmono",
        "type": "directory",
        "md5": false
    },
    {
        "path": "/assets/dynamic/fonts/jetbrainsmono/jetbrainsmono-italic.woff2",
        "type": "file",
        "md5": "ea0a62e6606b4f4b0d534256db7d31cf"
    },
    {
        "path": "/assets/dynamic/fonts/jetbrainsmono/jetbrainsmono.woff2",
        "type": "file",
        "md5": "5affdf56bdbffc36af64d2616187b531"
    },
    {
        "path": "assets/js",
        "type": "directory",
        "md5": false
    },
    {
        "path": "/assets/js/photoswipe-ui-default.min.js",
        "type": "file",
        "md5": "d067f0883540b1ddda0e2c9ad1b14260"
    },
    {
        "path": "/assets/js/photoswipe.min.js",
        "type": "file",
        "md5": "017385b552f7e0d979e2e2fe6f324015"
    },
    {
        "path": "/assets/js/scripts.js",
        "type": "file",
        "md5": "51db36ac9bfaaa60d4fb7a583c143c99"
    },
    {
        "path": "/assets/js/scripts.min.js",
        "type": "file",
        "md5": "c2232aa7558e9517946129d2a1b8c770"
    },
    {
        "path": "/assets/js/svg-fix.js",
        "type": "file",
        "md5": "7c0d2bb7276904b382e80bf2d85e8a96"
    },
    {
        "path": "/assets/js/svg-map.js",
        "type": "file",
        "md5": "12d66f2b2cce51311dd05cef039befb6"
    },
    {
        "path": "assets/svg",
        "type": "directory",
        "md5": false
    },
    {
        "path": "/assets/svg/gallery-icons-dark.svg",
        "type": "file",
        "md5": "0c70735af58190b563b2940b7a07007a"
    },
    {
        "path": "/assets/svg/gallery-icons-light.svg",
        "type": "file",
        "md5": "0bb1f41e2e459d23628833c37d8532f0"
    },
    {
        "path": "/assets/svg/svg-map.svg",
        "type": "file",
        "md5": "d167697bcc673e5b8139fbdc5b9f5240"
    },
    {
        "path": "authors",
        "type": "directory",
        "md5": false
    },
    {
        "path": "authors/sekvens",
        "type": "directory",
        "md5": false
    },
    {
        "path": "/authors/sekvens/index.html",
        "type": "file",
        "md5": "d1967b984186f92d33ec00f67890657e"
    },
    {
        "path": "contact-2.html",
        "type": "file",
        "md5": "2fe9048c14d68a2c601fea1d92fb0ceb"
    },
    {
        "path": "home.html",
        "type": "file",
        "md5": "1c0a46522cb5884c96f932492363ebfd"
    },
    {
        "path": "index.html",
        "type": "file",
        "md5": "ddd89e1d3a3c2bcbd6a694ddf6fe75f8"
    },
    {
        "path": "media",
        "type": "directory",
        "md5": false
    },
    {
        "path": "media/files",
        "type": "directory",
        "md5": false
    },
    {
        "path": "/media/files/moh.icon.gif",
        "type": "file",
        "md5": "3dd17296f4997961a8c7f88c252a1b26"
    },
    {
        "path": "media/posts",
        "type": "directory",
        "md5": false
    },
    {
        "path": "media/posts/6",
        "type": "directory",
        "md5": false
    },
    {
        "path": "/media/posts/6/469294045_27780503088260089_1368971433565902465_n-ezgif.com-optimize.gif",
        "type": "file",
        "md5": "888393b33a99151ac0a30ee91a09dd68"
    },
    {
        "path": "robots.txt",
        "type": "file",
        "md5": "b6216d61c03e6ce0c9aea6ca7808f7ca"
    },
    {
        "path": "solhverv.html",
        "type": "file",
        "md5": "237f64ff29a938c39ede81c560cc6ee9"
    },
    {
        "path": "tags",
        "type": "directory",
        "md5": false
    },
    {
        "path": "tags/artists",
        "type": "directory",
        "md5": false
    },
    {
        "path": "/tags/artists/index.html",
        "type": "file",
        "md5": "0b1a347b7510d6e005f5d837d061d60b"
    },
    {
        "path": "tags/contact",
        "type": "directory",
        "md5": false
    },
    {
        "path": "/tags/contact/index.html",
        "type": "file",
        "md5": "6a9231e24f0cbd4e984099f22f371205"
    },
    {
        "path": "tags/events",
        "type": "directory",
        "md5": false
    },
    {
        "path": "/tags/events/index.html",
        "type": "file",
        "md5": "885820e9caadd46edacbdaeba106bbec"
    },
    {
        "path": "/tags/index.html",
        "type": "file",
        "md5": "fdbfd4d0c191f0c0c7438cc77e19bde3"
    }
]