[
    {
        "path": "404.html",
        "type": "file",
        "md5": "0bb6411440ff67e4871013fde42df73e"
    },
    {
        "path": "asmus-busck.html",
        "type": "file",
        "md5": "1e49085ffac3bd7042b56c3da717c933"
    },
    {
        "path": "assets",
        "type": "directory",
        "md5": false
    },
    {
        "path": "assets/css",
        "type": "directory",
        "md5": false
    },
    {
        "path": "/assets/css/editor.css",
        "type": "file",
        "md5": "e5909a88ba1158a79ba2dbf82d6b2d86"
    },
    {
        "path": "/assets/css/main.css",
        "type": "file",
        "md5": "20c63eb052ce015288b2bdf5841729f6"
    },
    {
        "path": "/assets/css/photoswipe.css",
        "type": "file",
        "md5": "366561c4c503c68e3af3389ac4d7fb8e"
    },
    {
        "path": "/assets/css/style.css",
        "type": "file",
        "md5": "1657cdf8351e26b01bd12b72fc4583d6"
    },
    {
        "path": "assets/dynamic",
        "type": "directory",
        "md5": false
    },
    {
        "path": "assets/dynamic/fonts",
        "type": "directory",
        "md5": false
    },
    {
        "path": "assets/dynamic/fonts/jetbrainsmono",
        "type": "directory",
        "md5": false
    },
    {
        "path": "/assets/dynamic/fonts/jetbrainsmono/jetbrainsmono-italic.woff2",
        "type": "file",
        "md5": "ea0a62e6606b4f4b0d534256db7d31cf"
    },
    {
        "path": "/assets/dynamic/fonts/jetbrainsmono/jetbrainsmono.woff2",
        "type": "file",
        "md5": "5affdf56bdbffc36af64d2616187b531"
    },
    {
        "path": "assets/js",
        "type": "directory",
        "md5": false
    },
    {
        "path": "/assets/js/photoswipe-ui-default.min.js",
        "type": "file",
        "md5": "d067f0883540b1ddda0e2c9ad1b14260"
    },
    {
        "path": "/assets/js/photoswipe.min.js",
        "type": "file",
        "md5": "017385b552f7e0d979e2e2fe6f324015"
    },
    {
        "path": "/assets/js/scripts.js",
        "type": "file",
        "md5": "51db36ac9bfaaa60d4fb7a583c143c99"
    },
    {
        "path": "/assets/js/scripts.min.js",
        "type": "file",
        "md5": "c2232aa7558e9517946129d2a1b8c770"
    },
    {
        "path": "/assets/js/svg-fix.js",
        "type": "file",
        "md5": "7c0d2bb7276904b382e80bf2d85e8a96"
    },
    {
        "path": "/assets/js/svg-map.js",
        "type": "file",
        "md5": "12d66f2b2cce51311dd05cef039befb6"
    },
    {
        "path": "assets/svg",
        "type": "directory",
        "md5": false
    },
    {
        "path": "/assets/svg/gallery-icons-dark.svg",
        "type": "file",
        "md5": "0c70735af58190b563b2940b7a07007a"
    },
    {
        "path": "/assets/svg/gallery-icons-light.svg",
        "type": "file",
        "md5": "0bb1f41e2e459d23628833c37d8532f0"
    },
    {
        "path": "/assets/svg/svg-map.svg",
        "type": "file",
        "md5": "d167697bcc673e5b8139fbdc5b9f5240"
    },
    {
        "path": "authors",
        "type": "directory",
        "md5": false
    },
    {
        "path": "authors/sekvens",
        "type": "directory",
        "md5": false
    },
    {
        "path": "/authors/sekvens/index.html",
        "type": "file",
        "md5": "f3089612f8be10a41c5a86fc6b9b8847"
    },
    {
        "path": "contact-2.html",
        "type": "file",
        "md5": "9dc1f8e80967c0632ca399f6aa098215"
    },
    {
        "path": "index.html",
        "type": "file",
        "md5": "282f7e436402789ecff3f7f0d493d099"
    },
    {
        "path": "robots.txt",
        "type": "file",
        "md5": "b6216d61c03e6ce0c9aea6ca7808f7ca"
    },
    {
        "path": "solhverv.html",
        "type": "file",
        "md5": "044d33561b088372a79aebc232cdc9aa"
    },
    {
        "path": "tags",
        "type": "directory",
        "md5": false
    },
    {
        "path": "tags/artists",
        "type": "directory",
        "md5": false
    },
    {
        "path": "/tags/artists/index.html",
        "type": "file",
        "md5": "8e54db91f07dd0b6159c12ef9f898d29"
    },
    {
        "path": "tags/contact",
        "type": "directory",
        "md5": false
    },
    {
        "path": "/tags/contact/index.html",
        "type": "file",
        "md5": "c3bc9123b916282d090628b1b156ed84"
    },
    {
        "path": "tags/events",
        "type": "directory",
        "md5": false
    },
    {
        "path": "/tags/events/index.html",
        "type": "file",
        "md5": "75aef23f6e238ccd60c724dc9c123f7f"
    },
    {
        "path": "/tags/index.html",
        "type": "file",
        "md5": "8dc42b77b3fe8da6f2aa6271b39cecb7"
    }
]