[
    {
        "path": "404.html",
        "type": "file",
        "md5": "78e75fbf2494d061808c4d77e2bd1154"
    },
    {
        "path": "CNAME",
        "type": "file",
        "md5": "75f091339cd0285645766f49395d0d0b"
    },
    {
        "path": "assets",
        "type": "directory",
        "md5": false
    },
    {
        "path": "assets/css",
        "type": "directory",
        "md5": false
    },
    {
        "path": "/assets/css/editor.css",
        "type": "file",
        "md5": "e5909a88ba1158a79ba2dbf82d6b2d86"
    },
    {
        "path": "/assets/css/main.css",
        "type": "file",
        "md5": "41ebcc27d843bf5d4eabd7d5ab1aceeb"
    },
    {
        "path": "/assets/css/photoswipe.css",
        "type": "file",
        "md5": "366561c4c503c68e3af3389ac4d7fb8e"
    },
    {
        "path": "/assets/css/style.css",
        "type": "file",
        "md5": "9d55dc3876f119f97a6c8b5a5675549c"
    },
    {
        "path": "assets/dynamic",
        "type": "directory",
        "md5": false
    },
    {
        "path": "assets/dynamic/fonts",
        "type": "directory",
        "md5": false
    },
    {
        "path": "assets/dynamic/fonts/jetbrainsmono",
        "type": "directory",
        "md5": false
    },
    {
        "path": "/assets/dynamic/fonts/jetbrainsmono/jetbrainsmono-italic.woff2",
        "type": "file",
        "md5": "ea0a62e6606b4f4b0d534256db7d31cf"
    },
    {
        "path": "/assets/dynamic/fonts/jetbrainsmono/jetbrainsmono.woff2",
        "type": "file",
        "md5": "5affdf56bdbffc36af64d2616187b531"
    },
    {
        "path": "assets/js",
        "type": "directory",
        "md5": false
    },
    {
        "path": "/assets/js/photoswipe-ui-default.min.js",
        "type": "file",
        "md5": "d067f0883540b1ddda0e2c9ad1b14260"
    },
    {
        "path": "/assets/js/photoswipe.min.js",
        "type": "file",
        "md5": "017385b552f7e0d979e2e2fe6f324015"
    },
    {
        "path": "/assets/js/scripts.js",
        "type": "file",
        "md5": "51db36ac9bfaaa60d4fb7a583c143c99"
    },
    {
        "path": "/assets/js/scripts.min.js",
        "type": "file",
        "md5": "c2232aa7558e9517946129d2a1b8c770"
    },
    {
        "path": "/assets/js/svg-fix.js",
        "type": "file",
        "md5": "7c0d2bb7276904b382e80bf2d85e8a96"
    },
    {
        "path": "/assets/js/svg-map.js",
        "type": "file",
        "md5": "12d66f2b2cce51311dd05cef039befb6"
    },
    {
        "path": "assets/svg",
        "type": "directory",
        "md5": false
    },
    {
        "path": "/assets/svg/gallery-icons-dark.svg",
        "type": "file",
        "md5": "0c70735af58190b563b2940b7a07007a"
    },
    {
        "path": "/assets/svg/gallery-icons-light.svg",
        "type": "file",
        "md5": "0bb1f41e2e459d23628833c37d8532f0"
    },
    {
        "path": "/assets/svg/svg-map.svg",
        "type": "file",
        "md5": "d167697bcc673e5b8139fbdc5b9f5240"
    },
    {
        "path": "authors",
        "type": "directory",
        "md5": false
    },
    {
        "path": "authors/sekvens",
        "type": "directory",
        "md5": false
    },
    {
        "path": "/authors/sekvens/index.html",
        "type": "file",
        "md5": "986e70be51c038ce092af5408ccf3d4a"
    },
    {
        "path": "authors/sekvens/page",
        "type": "directory",
        "md5": false
    },
    {
        "path": "authors/sekvens/page/2",
        "type": "directory",
        "md5": false
    },
    {
        "path": "/authors/sekvens/page/2/index.html",
        "type": "file",
        "md5": "0ad31f9e9e5346879c333cd279c42b77"
    },
    {
        "path": "authors/sekvens/page/3",
        "type": "directory",
        "md5": false
    },
    {
        "path": "/authors/sekvens/page/3/index.html",
        "type": "file",
        "md5": "4596e522bd537451a3ed3cdafe3e106a"
    },
    {
        "path": "contact-2.html",
        "type": "file",
        "md5": "714955bf3950a1c788752d54b8cf40e2"
    },
    {
        "path": "dj-peik.html",
        "type": "file",
        "md5": "b326a0692cedfb4bba981005b4c2af07"
    },
    {
        "path": "feed.json",
        "type": "file",
        "md5": "2bbd07ba33843c3792f07f0900d7bf5e"
    },
    {
        "path": "feed.xml",
        "type": "file",
        "md5": "e4479ebdd8c728b475a751afac3d676f"
    },
    {
        "path": "fyns-amt.html",
        "type": "file",
        "md5": "361a9ee8cd72f9bd28c9d7c0a671265e"
    },
    {
        "path": "hedo-hydr8-muskila.html",
        "type": "file",
        "md5": "b69d0644cd0109190b694788c773dc6f"
    },
    {
        "path": "home.html",
        "type": "file",
        "md5": "563385f904dd5d6623dcff8085c66a43"
    },
    {
        "path": "index.html",
        "type": "file",
        "md5": "2bcb2d6e6dc31290cbf7767dfb2ce281"
    },
    {
        "path": "media",
        "type": "directory",
        "md5": false
    },
    {
        "path": "media/files",
        "type": "directory",
        "md5": false
    },
    {
        "path": "/media/files/moh.icon.gif",
        "type": "file",
        "md5": "3dd17296f4997961a8c7f88c252a1b26"
    },
    {
        "path": "media/posts",
        "type": "directory",
        "md5": false
    },
    {
        "path": "media/posts/10",
        "type": "directory",
        "md5": false
    },
    {
        "path": "/media/posts/10/Screenshot-from-2024-12-05-22-12-40.png",
        "type": "file",
        "md5": "61ef5fa2110e46281b6e32167c067d27"
    },
    {
        "path": "media/posts/10/responsive",
        "type": "directory",
        "md5": false
    },
    {
        "path": "/media/posts/10/responsive/Screenshot-from-2024-12-05-22-12-40-lg.png",
        "type": "file",
        "md5": "66810de6c8205a33936637e177e85d11"
    },
    {
        "path": "/media/posts/10/responsive/Screenshot-from-2024-12-05-22-12-40-md.png",
        "type": "file",
        "md5": "d4280e81bebd7480cba3b32af83de255"
    },
    {
        "path": "/media/posts/10/responsive/Screenshot-from-2024-12-05-22-12-40-sm.png",
        "type": "file",
        "md5": "3ca352f03c46e45f301f29628870cdc6"
    },
    {
        "path": "/media/posts/10/responsive/Screenshot-from-2024-12-05-22-12-40-xs.png",
        "type": "file",
        "md5": "8e0249c5c7965279c3ddab755757e129"
    },
    {
        "path": "media/posts/11",
        "type": "directory",
        "md5": false
    },
    {
        "path": "media/posts/11/responsive",
        "type": "directory",
        "md5": false
    },
    {
        "path": "/media/posts/11/responsive/rosenkrantz-lg.jpg",
        "type": "file",
        "md5": "9947c30c64c5f5e8b2fe514a53066a8e"
    },
    {
        "path": "/media/posts/11/responsive/rosenkrantz-md.jpg",
        "type": "file",
        "md5": "9947c30c64c5f5e8b2fe514a53066a8e"
    },
    {
        "path": "/media/posts/11/responsive/rosenkrantz-sm.jpg",
        "type": "file",
        "md5": "78c32a16055d00e283634eb111b4b6d0"
    },
    {
        "path": "/media/posts/11/responsive/rosenkrantz-xs.jpg",
        "type": "file",
        "md5": "7c13b1b6422bd9f268133bbabee3c3fb"
    },
    {
        "path": "/media/posts/11/rosenkrantz.jpg",
        "type": "file",
        "md5": "b0adefe51d0fd5759e695639367f43e7"
    },
    {
        "path": "media/posts/12",
        "type": "directory",
        "md5": false
    },
    {
        "path": "/media/posts/12/avatars-000148535880-jfeb8t-t500x500.jpg",
        "type": "file",
        "md5": "10db4c263424bfcdaad1da3ea63be3f1"
    },
    {
        "path": "media/posts/12/responsive",
        "type": "directory",
        "md5": false
    },
    {
        "path": "/media/posts/12/responsive/avatars-000148535880-jfeb8t-t500x500-lg.jpg",
        "type": "file",
        "md5": "5e7395ae54c2134b066449b4d0687108"
    },
    {
        "path": "/media/posts/12/responsive/avatars-000148535880-jfeb8t-t500x500-md.jpg",
        "type": "file",
        "md5": "5e7395ae54c2134b066449b4d0687108"
    },
    {
        "path": "/media/posts/12/responsive/avatars-000148535880-jfeb8t-t500x500-sm.jpg",
        "type": "file",
        "md5": "0e6e3133d6beaa4448c606adc25919df"
    },
    {
        "path": "/media/posts/12/responsive/avatars-000148535880-jfeb8t-t500x500-xs.jpg",
        "type": "file",
        "md5": "1990c5857922a7f47d0fe7c7676f707c"
    },
    {
        "path": "media/posts/13",
        "type": "directory",
        "md5": false
    },
    {
        "path": "/media/posts/13/462574174_3421641884646115_3506368432892086371_n-2.jpg",
        "type": "file",
        "md5": "06b03358249c183eb1e05633408ebf76"
    },
    {
        "path": "media/posts/13/responsive",
        "type": "directory",
        "md5": false
    },
    {
        "path": "/media/posts/13/responsive/462574174_3421641884646115_3506368432892086371_n-2-lg.jpg",
        "type": "file",
        "md5": "1d388a4c2168196ffb05b1715f4fe7fa"
    },
    {
        "path": "/media/posts/13/responsive/462574174_3421641884646115_3506368432892086371_n-2-md.jpg",
        "type": "file",
        "md5": "1d388a4c2168196ffb05b1715f4fe7fa"
    },
    {
        "path": "/media/posts/13/responsive/462574174_3421641884646115_3506368432892086371_n-2-sm.jpg",
        "type": "file",
        "md5": "1d388a4c2168196ffb05b1715f4fe7fa"
    },
    {
        "path": "/media/posts/13/responsive/462574174_3421641884646115_3506368432892086371_n-2-xs.jpg",
        "type": "file",
        "md5": "1d388a4c2168196ffb05b1715f4fe7fa"
    },
    {
        "path": "media/posts/15",
        "type": "directory",
        "md5": false
    },
    {
        "path": "/media/posts/15/poster.version.2.png",
        "type": "file",
        "md5": "6de57ac91f75cc30471e0de6d1797378"
    },
    {
        "path": "media/posts/15/responsive",
        "type": "directory",
        "md5": false
    },
    {
        "path": "/media/posts/15/responsive/poster.version.2-lg.png",
        "type": "file",
        "md5": "9d554432318bc480381ffed63c962eec"
    },
    {
        "path": "/media/posts/15/responsive/poster.version.2-md.png",
        "type": "file",
        "md5": "47adb960a1ff676870377f618db39bb1"
    },
    {
        "path": "/media/posts/15/responsive/poster.version.2-sm.png",
        "type": "file",
        "md5": "83f7605ad5e4c9544b236677f374ced7"
    },
    {
        "path": "/media/posts/15/responsive/poster.version.2-xs.png",
        "type": "file",
        "md5": "be17452f54c844b40b5210a194c7646d"
    },
    {
        "path": "media/posts/17",
        "type": "directory",
        "md5": false
    },
    {
        "path": "/media/posts/17/449181210_10162321754904883_9096389936249560836_n.jpg",
        "type": "file",
        "md5": "6f5bf4f5f6bf7618515e402706dfc900"
    },
    {
        "path": "media/posts/17/responsive",
        "type": "directory",
        "md5": false
    },
    {
        "path": "/media/posts/17/responsive/449181210_10162321754904883_9096389936249560836_n-lg.jpg",
        "type": "file",
        "md5": "1cca204858821fbaf14ecfb05f130d58"
    },
    {
        "path": "/media/posts/17/responsive/449181210_10162321754904883_9096389936249560836_n-md.jpg",
        "type": "file",
        "md5": "a7b7983c3dcc96367ea14ae3a1fb88f1"
    },
    {
        "path": "/media/posts/17/responsive/449181210_10162321754904883_9096389936249560836_n-sm.jpg",
        "type": "file",
        "md5": "20b5e74407797bd64fee11ced85d2922"
    },
    {
        "path": "/media/posts/17/responsive/449181210_10162321754904883_9096389936249560836_n-xs.jpg",
        "type": "file",
        "md5": "149ccb207e65170becd01926cc732ae1"
    },
    {
        "path": "media/posts/18",
        "type": "directory",
        "md5": false
    },
    {
        "path": "/media/posts/18/312928125_121893747343166_5472727795870282671_n.jpg",
        "type": "file",
        "md5": "6b36eaeeba08548f3a34f8b310cb353f"
    },
    {
        "path": "media/posts/18/responsive",
        "type": "directory",
        "md5": false
    },
    {
        "path": "/media/posts/18/responsive/312928125_121893747343166_5472727795870282671_n-lg.jpg",
        "type": "file",
        "md5": "3c01f4bb2f0159d529b776f4b1f179d8"
    },
    {
        "path": "/media/posts/18/responsive/312928125_121893747343166_5472727795870282671_n-md.jpg",
        "type": "file",
        "md5": "3dc5906af6a98368f7eb33bd66612945"
    },
    {
        "path": "/media/posts/18/responsive/312928125_121893747343166_5472727795870282671_n-sm.jpg",
        "type": "file",
        "md5": "fa7d3d669f6901579ec1dbe8f6238590"
    },
    {
        "path": "/media/posts/18/responsive/312928125_121893747343166_5472727795870282671_n-xs.jpg",
        "type": "file",
        "md5": "dd3dac1992f45802d05e49731689358f"
    },
    {
        "path": "media/posts/19",
        "type": "directory",
        "md5": false
    },
    {
        "path": "/media/posts/19/467184456_534543852744818_3868946821010506026_n.jpg",
        "type": "file",
        "md5": "1339ec46a525ff750318a5d84209e601"
    },
    {
        "path": "media/posts/19/responsive",
        "type": "directory",
        "md5": false
    },
    {
        "path": "/media/posts/19/responsive/467184456_534543852744818_3868946821010506026_n-lg.jpg",
        "type": "file",
        "md5": "e490d67382bf4965710667beed2615d4"
    },
    {
        "path": "/media/posts/19/responsive/467184456_534543852744818_3868946821010506026_n-md.jpg",
        "type": "file",
        "md5": "70739696d4970e48fd7d81bb15f4a66e"
    },
    {
        "path": "/media/posts/19/responsive/467184456_534543852744818_3868946821010506026_n-sm.jpg",
        "type": "file",
        "md5": "b78d19e0887ee8b7aac359e24321fb70"
    },
    {
        "path": "/media/posts/19/responsive/467184456_534543852744818_3868946821010506026_n-xs.jpg",
        "type": "file",
        "md5": "a0c224cad2e4447289e121f1ecbe43d8"
    },
    {
        "path": "media/posts/6",
        "type": "directory",
        "md5": false
    },
    {
        "path": "/media/posts/6/469294045_27780503088260089_1368971433565902465_n-ezgif.com-optimize.gif",
        "type": "file",
        "md5": "888393b33a99151ac0a30ee91a09dd68"
    },
    {
        "path": "media/posts/8",
        "type": "directory",
        "md5": false
    },
    {
        "path": "/media/posts/8/fynsamt.jpg",
        "type": "file",
        "md5": "54339bb70483f3f52bb3533eec0148a6"
    },
    {
        "path": "media/posts/8/responsive",
        "type": "directory",
        "md5": false
    },
    {
        "path": "/media/posts/8/responsive/fynsamt-lg.jpg",
        "type": "file",
        "md5": "e95d4ac75997197902ddfd0237d47180"
    },
    {
        "path": "/media/posts/8/responsive/fynsamt-md.jpg",
        "type": "file",
        "md5": "e95d4ac75997197902ddfd0237d47180"
    },
    {
        "path": "/media/posts/8/responsive/fynsamt-sm.jpg",
        "type": "file",
        "md5": "5eec55c6b565005eacf32447a51beb53"
    },
    {
        "path": "/media/posts/8/responsive/fynsamt-xs.jpg",
        "type": "file",
        "md5": "21c14a0987141ddf91e4d24f7d511cc9"
    },
    {
        "path": "media/posts/9",
        "type": "directory",
        "md5": false
    },
    {
        "path": "media/posts/9/responsive",
        "type": "directory",
        "md5": false
    },
    {
        "path": "/media/posts/9/responsive/salti-lg.jpg",
        "type": "file",
        "md5": "f499eb9760569d10cabb7e4eeae480e4"
    },
    {
        "path": "/media/posts/9/responsive/salti-md.jpg",
        "type": "file",
        "md5": "f499eb9760569d10cabb7e4eeae480e4"
    },
    {
        "path": "/media/posts/9/responsive/salti-sm.jpg",
        "type": "file",
        "md5": "f499eb9760569d10cabb7e4eeae480e4"
    },
    {
        "path": "/media/posts/9/responsive/salti-xs.jpg",
        "type": "file",
        "md5": "0d91e93c288a260e1e38295ec76845f5"
    },
    {
        "path": "/media/posts/9/salti.jpg",
        "type": "file",
        "md5": "987222366a7570a62dedecd4ec95fe7b"
    },
    {
        "path": "mormor.html",
        "type": "file",
        "md5": "eab08c152cc031637cf86e0da16830e1"
    },
    {
        "path": "page",
        "type": "directory",
        "md5": false
    },
    {
        "path": "page/2",
        "type": "directory",
        "md5": false
    },
    {
        "path": "/page/2/index.html",
        "type": "file",
        "md5": "0a071489a4d8711e34fa9c29cf91d7c6"
    },
    {
        "path": "page/3",
        "type": "directory",
        "md5": false
    },
    {
        "path": "/page/3/index.html",
        "type": "file",
        "md5": "27b75c5bd00b235dbdead6d948226e7d"
    },
    {
        "path": "robots.txt",
        "type": "file",
        "md5": "d4811f6b1166d461c4b2ba76cb8ad84f"
    },
    {
        "path": "rosenkrantz.html",
        "type": "file",
        "md5": "f67f02d97d8be6f6a60e058e8ae913d3"
    },
    {
        "path": "salti-brothers.html",
        "type": "file",
        "md5": "afdc66b97f311b76b8cd2247939f0343"
    },
    {
        "path": "sarahabibi.html",
        "type": "file",
        "md5": "8deb2d3dfd74fe7d2b173b47ff0030a2"
    },
    {
        "path": "sekvens-dj-festival-2024.html",
        "type": "file",
        "md5": "54eff2188664d890b92863d09918aa29"
    },
    {
        "path": "sekvens-ii-pa-mejeriet.html",
        "type": "file",
        "md5": "5b889c9bfa0b6d6c286e62414665eaab"
    },
    {
        "path": "sekvens-pa-maskinen.html",
        "type": "file",
        "md5": "5663f600defc0cf151cfba56d733ac71"
    },
    {
        "path": "sitemap.xml",
        "type": "file",
        "md5": "9dd3c9b83a13a657d03d767d3f2da73b"
    },
    {
        "path": "sitemap.xsl",
        "type": "file",
        "md5": "51a7bcec43fa1ef0366100d5c2edbe75"
    },
    {
        "path": "solhverv.html",
        "type": "file",
        "md5": "d0c4d266b8febf8c493b5434ac9fffab"
    },
    {
        "path": "supernihil.html",
        "type": "file",
        "md5": "6343d8eab4781b8ad7e94e42e6a85a2a"
    },
    {
        "path": "tags",
        "type": "directory",
        "md5": false
    },
    {
        "path": "tags/artists",
        "type": "directory",
        "md5": false
    },
    {
        "path": "/tags/artists/index.html",
        "type": "file",
        "md5": "fd19cc5fc8b3462c03b2bb5a17e20273"
    },
    {
        "path": "tags/contact",
        "type": "directory",
        "md5": false
    },
    {
        "path": "/tags/contact/index.html",
        "type": "file",
        "md5": "b96f42bdb758a6d3b7968c7edc850868"
    },
    {
        "path": "tags/events",
        "type": "directory",
        "md5": false
    },
    {
        "path": "/tags/events/index.html",
        "type": "file",
        "md5": "33e1fa7d64b9e9b1eea173934515b294"
    },
    {
        "path": "/tags/index.html",
        "type": "file",
        "md5": "1b71102fb406d831fc1c74bfdc8a765a"
    }
]