[
    {
        "path": "404.html",
        "type": "file",
        "md5": "1d87c0f25860f6f50a2b25b242147aac"
    },
    {
        "path": "CNAME",
        "type": "file",
        "md5": "75f091339cd0285645766f49395d0d0b"
    },
    {
        "path": "assets",
        "type": "directory",
        "md5": false
    },
    {
        "path": "assets/css",
        "type": "directory",
        "md5": false
    },
    {
        "path": "/assets/css/editor.css",
        "type": "file",
        "md5": "e5909a88ba1158a79ba2dbf82d6b2d86"
    },
    {
        "path": "/assets/css/main.css",
        "type": "file",
        "md5": "13a5306d2ea2294fc26c57400aa52cd3"
    },
    {
        "path": "/assets/css/photoswipe.css",
        "type": "file",
        "md5": "366561c4c503c68e3af3389ac4d7fb8e"
    },
    {
        "path": "/assets/css/style.css",
        "type": "file",
        "md5": "bbadaee07798b19c000590191eee16d7"
    },
    {
        "path": "assets/dynamic",
        "type": "directory",
        "md5": false
    },
    {
        "path": "assets/dynamic/fonts",
        "type": "directory",
        "md5": false
    },
    {
        "path": "assets/dynamic/fonts/jetbrainsmono",
        "type": "directory",
        "md5": false
    },
    {
        "path": "/assets/dynamic/fonts/jetbrainsmono/jetbrainsmono-italic.woff2",
        "type": "file",
        "md5": "ea0a62e6606b4f4b0d534256db7d31cf"
    },
    {
        "path": "/assets/dynamic/fonts/jetbrainsmono/jetbrainsmono.woff2",
        "type": "file",
        "md5": "5affdf56bdbffc36af64d2616187b531"
    },
    {
        "path": "assets/js",
        "type": "directory",
        "md5": false
    },
    {
        "path": "/assets/js/photoswipe-ui-default.min.js",
        "type": "file",
        "md5": "d067f0883540b1ddda0e2c9ad1b14260"
    },
    {
        "path": "/assets/js/photoswipe.min.js",
        "type": "file",
        "md5": "017385b552f7e0d979e2e2fe6f324015"
    },
    {
        "path": "/assets/js/scripts.js",
        "type": "file",
        "md5": "51db36ac9bfaaa60d4fb7a583c143c99"
    },
    {
        "path": "/assets/js/scripts.min.js",
        "type": "file",
        "md5": "c2232aa7558e9517946129d2a1b8c770"
    },
    {
        "path": "/assets/js/svg-fix.js",
        "type": "file",
        "md5": "7c0d2bb7276904b382e80bf2d85e8a96"
    },
    {
        "path": "/assets/js/svg-map.js",
        "type": "file",
        "md5": "12d66f2b2cce51311dd05cef039befb6"
    },
    {
        "path": "assets/svg",
        "type": "directory",
        "md5": false
    },
    {
        "path": "/assets/svg/gallery-icons-dark.svg",
        "type": "file",
        "md5": "0c70735af58190b563b2940b7a07007a"
    },
    {
        "path": "/assets/svg/gallery-icons-light.svg",
        "type": "file",
        "md5": "0bb1f41e2e459d23628833c37d8532f0"
    },
    {
        "path": "/assets/svg/svg-map.svg",
        "type": "file",
        "md5": "d167697bcc673e5b8139fbdc5b9f5240"
    },
    {
        "path": "authors",
        "type": "directory",
        "md5": false
    },
    {
        "path": "authors/sekvens",
        "type": "directory",
        "md5": false
    },
    {
        "path": "/authors/sekvens/index.html",
        "type": "file",
        "md5": "dd9c190b4a8594a74a3ed8b609fda688"
    },
    {
        "path": "authors/sekvens/page",
        "type": "directory",
        "md5": false
    },
    {
        "path": "authors/sekvens/page/2",
        "type": "directory",
        "md5": false
    },
    {
        "path": "/authors/sekvens/page/2/index.html",
        "type": "file",
        "md5": "09af84eb76dd04937850c766ef2265d6"
    },
    {
        "path": "authors/sekvens/page/3",
        "type": "directory",
        "md5": false
    },
    {
        "path": "/authors/sekvens/page/3/index.html",
        "type": "file",
        "md5": "1b902e3547d4983c61d712fd1484f982"
    },
    {
        "path": "contact-2.html",
        "type": "file",
        "md5": "5086bb4aca5900b21406531c1468ca8e"
    },
    {
        "path": "feed.json",
        "type": "file",
        "md5": "6c3e9b2daa04cc19683d234f4f5ffb5e"
    },
    {
        "path": "feed.xml",
        "type": "file",
        "md5": "caca950a5c2b3367db7067aee2cd07d8"
    },
    {
        "path": "fyns-amt.html",
        "type": "file",
        "md5": "724ac23f09c5e31869d8ef99daa98338"
    },
    {
        "path": "hedo-hydr8-muskila.html",
        "type": "file",
        "md5": "55dd2c74554daf670f213afce05eb30e"
    },
    {
        "path": "home.html",
        "type": "file",
        "md5": "4641f801235cc5d21954e301262dea5f"
    },
    {
        "path": "i-nat-bliver-det-sommer.html",
        "type": "file",
        "md5": "ff7d5218bb3ae1b72fc8156f202f6030"
    },
    {
        "path": "index.html",
        "type": "file",
        "md5": "ee185581f7d795fff8839d51e9082013"
    },
    {
        "path": "media",
        "type": "directory",
        "md5": false
    },
    {
        "path": "media/files",
        "type": "directory",
        "md5": false
    },
    {
        "path": "/media/files/moh.icon.gif",
        "type": "file",
        "md5": "3dd17296f4997961a8c7f88c252a1b26"
    },
    {
        "path": "media/posts",
        "type": "directory",
        "md5": false
    },
    {
        "path": "media/posts/10",
        "type": "directory",
        "md5": false
    },
    {
        "path": "/media/posts/10/Screenshot-from-2024-12-05-22-12-40.png",
        "type": "file",
        "md5": "61ef5fa2110e46281b6e32167c067d27"
    },
    {
        "path": "media/posts/10/responsive",
        "type": "directory",
        "md5": false
    },
    {
        "path": "/media/posts/10/responsive/Screenshot-from-2024-12-05-22-12-40-lg.png",
        "type": "file",
        "md5": "66810de6c8205a33936637e177e85d11"
    },
    {
        "path": "/media/posts/10/responsive/Screenshot-from-2024-12-05-22-12-40-md.png",
        "type": "file",
        "md5": "d4280e81bebd7480cba3b32af83de255"
    },
    {
        "path": "/media/posts/10/responsive/Screenshot-from-2024-12-05-22-12-40-sm.png",
        "type": "file",
        "md5": "3ca352f03c46e45f301f29628870cdc6"
    },
    {
        "path": "/media/posts/10/responsive/Screenshot-from-2024-12-05-22-12-40-xs.png",
        "type": "file",
        "md5": "8e0249c5c7965279c3ddab755757e129"
    },
    {
        "path": "media/posts/11",
        "type": "directory",
        "md5": false
    },
    {
        "path": "media/posts/11/responsive",
        "type": "directory",
        "md5": false
    },
    {
        "path": "/media/posts/11/responsive/rosenkrantz-lg.jpg",
        "type": "file",
        "md5": "9947c30c64c5f5e8b2fe514a53066a8e"
    },
    {
        "path": "/media/posts/11/responsive/rosenkrantz-md.jpg",
        "type": "file",
        "md5": "9947c30c64c5f5e8b2fe514a53066a8e"
    },
    {
        "path": "/media/posts/11/responsive/rosenkrantz-sm.jpg",
        "type": "file",
        "md5": "78c32a16055d00e283634eb111b4b6d0"
    },
    {
        "path": "/media/posts/11/responsive/rosenkrantz-xs.jpg",
        "type": "file",
        "md5": "7c13b1b6422bd9f268133bbabee3c3fb"
    },
    {
        "path": "/media/posts/11/rosenkrantz.jpg",
        "type": "file",
        "md5": "b0adefe51d0fd5759e695639367f43e7"
    },
    {
        "path": "media/posts/12",
        "type": "directory",
        "md5": false
    },
    {
        "path": "/media/posts/12/avatars-000148535880-jfeb8t-t500x500.jpg",
        "type": "file",
        "md5": "10db4c263424bfcdaad1da3ea63be3f1"
    },
    {
        "path": "media/posts/12/responsive",
        "type": "directory",
        "md5": false
    },
    {
        "path": "/media/posts/12/responsive/avatars-000148535880-jfeb8t-t500x500-lg.jpg",
        "type": "file",
        "md5": "5e7395ae54c2134b066449b4d0687108"
    },
    {
        "path": "/media/posts/12/responsive/avatars-000148535880-jfeb8t-t500x500-md.jpg",
        "type": "file",
        "md5": "5e7395ae54c2134b066449b4d0687108"
    },
    {
        "path": "/media/posts/12/responsive/avatars-000148535880-jfeb8t-t500x500-sm.jpg",
        "type": "file",
        "md5": "0e6e3133d6beaa4448c606adc25919df"
    },
    {
        "path": "/media/posts/12/responsive/avatars-000148535880-jfeb8t-t500x500-xs.jpg",
        "type": "file",
        "md5": "1990c5857922a7f47d0fe7c7676f707c"
    },
    {
        "path": "media/posts/14",
        "type": "directory",
        "md5": false
    },
    {
        "path": "/media/posts/14/IMG_20240806_152656_84.jpg",
        "type": "file",
        "md5": "657e7e56e414ffd671f3677b81c0adca"
    },
    {
        "path": "media/posts/14/responsive",
        "type": "directory",
        "md5": false
    },
    {
        "path": "/media/posts/14/responsive/IMG_20240806_152656_84-lg.jpg",
        "type": "file",
        "md5": "f0228eaf181da435ca6ffedf19fcd4ac"
    },
    {
        "path": "/media/posts/14/responsive/IMG_20240806_152656_84-md.jpg",
        "type": "file",
        "md5": "f0228eaf181da435ca6ffedf19fcd4ac"
    },
    {
        "path": "/media/posts/14/responsive/IMG_20240806_152656_84-sm.jpg",
        "type": "file",
        "md5": "6ba7f98de0487d65aa5abc3de6fc5257"
    },
    {
        "path": "/media/posts/14/responsive/IMG_20240806_152656_84-xs.jpg",
        "type": "file",
        "md5": "37829fc4443f26b2ad986d4ef7ed775b"
    },
    {
        "path": "media/posts/15",
        "type": "directory",
        "md5": false
    },
    {
        "path": "/media/posts/15/poster.version.2.png",
        "type": "file",
        "md5": "6de57ac91f75cc30471e0de6d1797378"
    },
    {
        "path": "media/posts/15/responsive",
        "type": "directory",
        "md5": false
    },
    {
        "path": "/media/posts/15/responsive/poster.version.2-lg.png",
        "type": "file",
        "md5": "9d554432318bc480381ffed63c962eec"
    },
    {
        "path": "/media/posts/15/responsive/poster.version.2-md.png",
        "type": "file",
        "md5": "47adb960a1ff676870377f618db39bb1"
    },
    {
        "path": "/media/posts/15/responsive/poster.version.2-sm.png",
        "type": "file",
        "md5": "83f7605ad5e4c9544b236677f374ced7"
    },
    {
        "path": "/media/posts/15/responsive/poster.version.2-xs.png",
        "type": "file",
        "md5": "be17452f54c844b40b5210a194c7646d"
    },
    {
        "path": "media/posts/17",
        "type": "directory",
        "md5": false
    },
    {
        "path": "/media/posts/17/310598568_788654052292089_616943038484441626_n.jpg",
        "type": "file",
        "md5": "43c30dff5b542c6ec569d1a8ddda57f8"
    },
    {
        "path": "/media/posts/17/441545302_17964779549733183_964797049131518232_n.jpg",
        "type": "file",
        "md5": "47fe2771da7220df38771fc6b0881267"
    },
    {
        "path": "/media/posts/17/449181210_10162321754904883_9096389936249560836_n.jpg",
        "type": "file",
        "md5": "6f5bf4f5f6bf7618515e402706dfc900"
    },
    {
        "path": "/media/posts/17/IMG_1299.jpeg",
        "type": "file",
        "md5": "b69c8b951ff205cd4096e7be09f6f9ba"
    },
    {
        "path": "/media/posts/17/IMG_20230101_011705.jpg",
        "type": "file",
        "md5": "bc614049e7f35e5b588f53eff7d657ae"
    },
    {
        "path": "/media/posts/17/IMG_20240806_152656_84-1.jpg",
        "type": "file",
        "md5": "657e7e56e414ffd671f3677b81c0adca"
    },
    {
        "path": "/media/posts/17/IMG_20240807_122907_698.jpg",
        "type": "file",
        "md5": "59ac1e2d78d7ba28f533382a57db7033"
    },
    {
        "path": "/media/posts/17/IMG_3508.jpg",
        "type": "file",
        "md5": "8b0d132a5dfc5c74ee66399afa9c6ab9"
    },
    {
        "path": "/media/posts/17/Kopi-af-pacelead-pic.png",
        "type": "file",
        "md5": "8f4ed94a566317470ca87bb5b7282c6a"
    },
    {
        "path": "/media/posts/17/Lasseplastik.png",
        "type": "file",
        "md5": "1cb1dc44078ba198ffb94e8395d87a56"
    },
    {
        "path": "/media/posts/17/Matriark_Morten_Bentzon_Main.jpg",
        "type": "file",
        "md5": "23b7a2613b0a33f6bbd87ac7d90368ae"
    },
    {
        "path": "/media/posts/17/artworks-FkzOkLhIytfD2GKz-VHvh7g-t500x500.jpg",
        "type": "file",
        "md5": "1ab4712fb1b7982f4ca79d0405fd6a9a"
    },
    {
        "path": "/media/posts/17/avatars-000322902737-hv03ow-t500x500-2.jpg",
        "type": "file",
        "md5": "b0adefe51d0fd5759e695639367f43e7"
    },
    {
        "path": "/media/posts/17/crosscontinental.jpg",
        "type": "file",
        "md5": "986704170f73da66a7c71e5fb8e9a0ca"
    },
    {
        "path": "/media/posts/17/djhenning-2.jpg",
        "type": "file",
        "md5": "b764566afd9595a22b3a08371471fa69"
    },
    {
        "path": "/media/posts/17/fynsamt-1.jpg",
        "type": "file",
        "md5": "54339bb70483f3f52bb3533eec0148a6"
    },
    {
        "path": "/media/posts/17/psy.png",
        "type": "file",
        "md5": "d2d62bfaa7d8a78d6efc1e782baad28c"
    },
    {
        "path": "/media/posts/17/pureist.jpg",
        "type": "file",
        "md5": "6e1a7cc8827259537e463951e341c14b"
    },
    {
        "path": "media/posts/17/responsive",
        "type": "directory",
        "md5": false
    },
    {
        "path": "/media/posts/17/responsive/310598568_788654052292089_616943038484441626_n-lg.jpg",
        "type": "file",
        "md5": "26aafbfdc78cd672652b7d85304c5a9c"
    },
    {
        "path": "/media/posts/17/responsive/310598568_788654052292089_616943038484441626_n-md.jpg",
        "type": "file",
        "md5": "26aafbfdc78cd672652b7d85304c5a9c"
    },
    {
        "path": "/media/posts/17/responsive/310598568_788654052292089_616943038484441626_n-sm.jpg",
        "type": "file",
        "md5": "26aafbfdc78cd672652b7d85304c5a9c"
    },
    {
        "path": "/media/posts/17/responsive/310598568_788654052292089_616943038484441626_n-xs.jpg",
        "type": "file",
        "md5": "bcdba607a7935057e53a900def6e9ad2"
    },
    {
        "path": "/media/posts/17/responsive/441545302_17964779549733183_964797049131518232_n-lg.jpg",
        "type": "file",
        "md5": "27a9eb89fe933056721facb9460ce255"
    },
    {
        "path": "/media/posts/17/responsive/441545302_17964779549733183_964797049131518232_n-md.jpg",
        "type": "file",
        "md5": "4d392b3b1928472952be786f6f12baca"
    },
    {
        "path": "/media/posts/17/responsive/441545302_17964779549733183_964797049131518232_n-sm.jpg",
        "type": "file",
        "md5": "0ad4bb9eb097a1ed81fe696633e5328f"
    },
    {
        "path": "/media/posts/17/responsive/441545302_17964779549733183_964797049131518232_n-xs.jpg",
        "type": "file",
        "md5": "4f3d30d8b993c29a84b7c9d09f488261"
    },
    {
        "path": "/media/posts/17/responsive/449181210_10162321754904883_9096389936249560836_n-lg.jpg",
        "type": "file",
        "md5": "1cca204858821fbaf14ecfb05f130d58"
    },
    {
        "path": "/media/posts/17/responsive/449181210_10162321754904883_9096389936249560836_n-md.jpg",
        "type": "file",
        "md5": "a7b7983c3dcc96367ea14ae3a1fb88f1"
    },
    {
        "path": "/media/posts/17/responsive/449181210_10162321754904883_9096389936249560836_n-sm.jpg",
        "type": "file",
        "md5": "20b5e74407797bd64fee11ced85d2922"
    },
    {
        "path": "/media/posts/17/responsive/449181210_10162321754904883_9096389936249560836_n-xs.jpg",
        "type": "file",
        "md5": "149ccb207e65170becd01926cc732ae1"
    },
    {
        "path": "/media/posts/17/responsive/IMG_1299-lg.jpeg",
        "type": "file",
        "md5": "262b3425abdb16c84f2f98696c904c59"
    },
    {
        "path": "/media/posts/17/responsive/IMG_1299-md.jpeg",
        "type": "file",
        "md5": "262b3425abdb16c84f2f98696c904c59"
    },
    {
        "path": "/media/posts/17/responsive/IMG_1299-sm.jpeg",
        "type": "file",
        "md5": "3ae93032fd18db40bb3f61a43282fb99"
    },
    {
        "path": "/media/posts/17/responsive/IMG_1299-xs.jpeg",
        "type": "file",
        "md5": "c44c79b091aa4d1fc0bf0c0868747ee5"
    },
    {
        "path": "/media/posts/17/responsive/IMG_20230101_011705-lg.jpg",
        "type": "file",
        "md5": "67313a3531b82a0b83a1a34e64c1b4bf"
    },
    {
        "path": "/media/posts/17/responsive/IMG_20230101_011705-md.jpg",
        "type": "file",
        "md5": "b20d1bda77accd7c998ea543971d01bd"
    },
    {
        "path": "/media/posts/17/responsive/IMG_20230101_011705-sm.jpg",
        "type": "file",
        "md5": "4b939f8083dcd766e1169e2641c1f001"
    },
    {
        "path": "/media/posts/17/responsive/IMG_20230101_011705-xs.jpg",
        "type": "file",
        "md5": "f80c3c90edf10a9c9569459e9add8837"
    },
    {
        "path": "/media/posts/17/responsive/IMG_20240806_152656_84-1-lg.jpg",
        "type": "file",
        "md5": "f0228eaf181da435ca6ffedf19fcd4ac"
    },
    {
        "path": "/media/posts/17/responsive/IMG_20240806_152656_84-1-md.jpg",
        "type": "file",
        "md5": "f0228eaf181da435ca6ffedf19fcd4ac"
    },
    {
        "path": "/media/posts/17/responsive/IMG_20240806_152656_84-1-sm.jpg",
        "type": "file",
        "md5": "6ba7f98de0487d65aa5abc3de6fc5257"
    },
    {
        "path": "/media/posts/17/responsive/IMG_20240806_152656_84-1-xs.jpg",
        "type": "file",
        "md5": "37829fc4443f26b2ad986d4ef7ed775b"
    },
    {
        "path": "/media/posts/17/responsive/IMG_20240807_122907_698-lg.jpg",
        "type": "file",
        "md5": "6a34d18652209d8bc2cbae57b42e630b"
    },
    {
        "path": "/media/posts/17/responsive/IMG_20240807_122907_698-md.jpg",
        "type": "file",
        "md5": "8d49e13b21d63feb0268ce23297d7e4d"
    },
    {
        "path": "/media/posts/17/responsive/IMG_20240807_122907_698-sm.jpg",
        "type": "file",
        "md5": "de1c4d625c70b1f323ba17280f3e0869"
    },
    {
        "path": "/media/posts/17/responsive/IMG_20240807_122907_698-xs.jpg",
        "type": "file",
        "md5": "a6c2b65831b654b1c554d2b7ddeae954"
    },
    {
        "path": "/media/posts/17/responsive/IMG_3508-lg.jpg",
        "type": "file",
        "md5": "7c9fec4bf020f2ed00faa6debc5517f9"
    },
    {
        "path": "/media/posts/17/responsive/IMG_3508-md.jpg",
        "type": "file",
        "md5": "f23ad6713625d495ed7dfb423f8e6bb6"
    },
    {
        "path": "/media/posts/17/responsive/IMG_3508-sm.jpg",
        "type": "file",
        "md5": "754d75eb3390b617fcb31a6312231f65"
    },
    {
        "path": "/media/posts/17/responsive/IMG_3508-xs.jpg",
        "type": "file",
        "md5": "92e061a3ebe75510b54d204c49700e5f"
    },
    {
        "path": "/media/posts/17/responsive/Kopi-af-pacelead-pic-lg.png",
        "type": "file",
        "md5": "28c2728627a858520996374b9e24d4e3"
    },
    {
        "path": "/media/posts/17/responsive/Kopi-af-pacelead-pic-md.png",
        "type": "file",
        "md5": "28c2728627a858520996374b9e24d4e3"
    },
    {
        "path": "/media/posts/17/responsive/Kopi-af-pacelead-pic-sm.png",
        "type": "file",
        "md5": "28c2728627a858520996374b9e24d4e3"
    },
    {
        "path": "/media/posts/17/responsive/Kopi-af-pacelead-pic-xs.png",
        "type": "file",
        "md5": "d612e74a16426b4760df3c58ef77364a"
    },
    {
        "path": "/media/posts/17/responsive/Lasseplastik-lg.png",
        "type": "file",
        "md5": "49dde074f240491542f24dac90f7b77b"
    },
    {
        "path": "/media/posts/17/responsive/Lasseplastik-md.png",
        "type": "file",
        "md5": "4eb8c9910289a430f75c161c4d9d8119"
    },
    {
        "path": "/media/posts/17/responsive/Lasseplastik-sm.png",
        "type": "file",
        "md5": "acd91de9a64e1ee4e5628fae92c099aa"
    },
    {
        "path": "/media/posts/17/responsive/Lasseplastik-xs.png",
        "type": "file",
        "md5": "9f8d8eda851d560830343f74fcda03c1"
    },
    {
        "path": "/media/posts/17/responsive/Matriark_Morten_Bentzon_Main-lg.jpg",
        "type": "file",
        "md5": "b0095146e6a9382ca43b41690cb9381b"
    },
    {
        "path": "/media/posts/17/responsive/Matriark_Morten_Bentzon_Main-md.jpg",
        "type": "file",
        "md5": "984848be1b2da72c87caa505ba16f8fe"
    },
    {
        "path": "/media/posts/17/responsive/Matriark_Morten_Bentzon_Main-sm.jpg",
        "type": "file",
        "md5": "0e02dc984129d9e2339750c240075ce4"
    },
    {
        "path": "/media/posts/17/responsive/Matriark_Morten_Bentzon_Main-xs.jpg",
        "type": "file",
        "md5": "0dc9e847af267add55534d56630d38d2"
    },
    {
        "path": "/media/posts/17/responsive/artworks-FkzOkLhIytfD2GKz-VHvh7g-t500x500-lg.jpg",
        "type": "file",
        "md5": "d2a6cc01858ee714059181e5872888f4"
    },
    {
        "path": "/media/posts/17/responsive/artworks-FkzOkLhIytfD2GKz-VHvh7g-t500x500-md.jpg",
        "type": "file",
        "md5": "d2a6cc01858ee714059181e5872888f4"
    },
    {
        "path": "/media/posts/17/responsive/artworks-FkzOkLhIytfD2GKz-VHvh7g-t500x500-sm.jpg",
        "type": "file",
        "md5": "b3f5b31a5177a798030ba62357e5a1fd"
    },
    {
        "path": "/media/posts/17/responsive/artworks-FkzOkLhIytfD2GKz-VHvh7g-t500x500-xs.jpg",
        "type": "file",
        "md5": "04f3026d55057caef8ed31aeb5a21c2e"
    },
    {
        "path": "/media/posts/17/responsive/avatars-000322902737-hv03ow-t500x500-2-lg.jpg",
        "type": "file",
        "md5": "9947c30c64c5f5e8b2fe514a53066a8e"
    },
    {
        "path": "/media/posts/17/responsive/avatars-000322902737-hv03ow-t500x500-2-md.jpg",
        "type": "file",
        "md5": "9947c30c64c5f5e8b2fe514a53066a8e"
    },
    {
        "path": "/media/posts/17/responsive/avatars-000322902737-hv03ow-t500x500-2-sm.jpg",
        "type": "file",
        "md5": "78c32a16055d00e283634eb111b4b6d0"
    },
    {
        "path": "/media/posts/17/responsive/avatars-000322902737-hv03ow-t500x500-2-xs.jpg",
        "type": "file",
        "md5": "7c13b1b6422bd9f268133bbabee3c3fb"
    },
    {
        "path": "/media/posts/17/responsive/crosscontinental-lg.jpg",
        "type": "file",
        "md5": "6d1e1b7ae9b201055a3d481bc5a19bf0"
    },
    {
        "path": "/media/posts/17/responsive/crosscontinental-md.jpg",
        "type": "file",
        "md5": "ad85c856e2ba1df301f45bf665b0bb20"
    },
    {
        "path": "/media/posts/17/responsive/crosscontinental-sm.jpg",
        "type": "file",
        "md5": "fbbf6bd52fe95c1eae11a5daae467dcb"
    },
    {
        "path": "/media/posts/17/responsive/crosscontinental-xs.jpg",
        "type": "file",
        "md5": "fb0216b8881331b2f205b19d3d636189"
    },
    {
        "path": "/media/posts/17/responsive/djhenning-2-lg.jpg",
        "type": "file",
        "md5": "04c49e7e43e89b88589a9b9a67c7db23"
    },
    {
        "path": "/media/posts/17/responsive/djhenning-2-md.jpg",
        "type": "file",
        "md5": "6626353be03c2ee72ca6366250da2846"
    },
    {
        "path": "/media/posts/17/responsive/djhenning-2-sm.jpg",
        "type": "file",
        "md5": "df3b6cc1d6d973a1cc06e31516b86c6c"
    },
    {
        "path": "/media/posts/17/responsive/djhenning-2-xs.jpg",
        "type": "file",
        "md5": "043a4f8e2463d0e583a133e79cfef6cd"
    },
    {
        "path": "/media/posts/17/responsive/fynsamt-1-lg.jpg",
        "type": "file",
        "md5": "e95d4ac75997197902ddfd0237d47180"
    },
    {
        "path": "/media/posts/17/responsive/fynsamt-1-md.jpg",
        "type": "file",
        "md5": "e95d4ac75997197902ddfd0237d47180"
    },
    {
        "path": "/media/posts/17/responsive/fynsamt-1-sm.jpg",
        "type": "file",
        "md5": "5eec55c6b565005eacf32447a51beb53"
    },
    {
        "path": "/media/posts/17/responsive/fynsamt-1-xs.jpg",
        "type": "file",
        "md5": "21c14a0987141ddf91e4d24f7d511cc9"
    },
    {
        "path": "/media/posts/17/responsive/psy-lg.png",
        "type": "file",
        "md5": "3a2be3caf1f2a46be9ff247b1c4ce9dd"
    },
    {
        "path": "/media/posts/17/responsive/psy-md.png",
        "type": "file",
        "md5": "50961633e1912eb8784b5b6ead44245d"
    },
    {
        "path": "/media/posts/17/responsive/psy-sm.png",
        "type": "file",
        "md5": "d7a396b2f196e2f54f7d718c43dd87ae"
    },
    {
        "path": "/media/posts/17/responsive/psy-xs.png",
        "type": "file",
        "md5": "157103d420d76de134d12d5e51b87e2d"
    },
    {
        "path": "/media/posts/17/responsive/pureist-lg.jpg",
        "type": "file",
        "md5": "2e87e7ebfd55f2c90bac5eeb78d497ec"
    },
    {
        "path": "/media/posts/17/responsive/pureist-md.jpg",
        "type": "file",
        "md5": "2e87e7ebfd55f2c90bac5eeb78d497ec"
    },
    {
        "path": "/media/posts/17/responsive/pureist-sm.jpg",
        "type": "file",
        "md5": "b7197cc0a43de4f7f502ed4fc396d6e6"
    },
    {
        "path": "/media/posts/17/responsive/pureist-xs.jpg",
        "type": "file",
        "md5": "31a1b73bd84e620b48340e116c22d47e"
    },
    {
        "path": "media/posts/18",
        "type": "directory",
        "md5": false
    },
    {
        "path": "/media/posts/18/312928125_121893747343166_5472727795870282671_n.jpg",
        "type": "file",
        "md5": "6b36eaeeba08548f3a34f8b310cb353f"
    },
    {
        "path": "media/posts/18/responsive",
        "type": "directory",
        "md5": false
    },
    {
        "path": "/media/posts/18/responsive/312928125_121893747343166_5472727795870282671_n-lg.jpg",
        "type": "file",
        "md5": "3c01f4bb2f0159d529b776f4b1f179d8"
    },
    {
        "path": "/media/posts/18/responsive/312928125_121893747343166_5472727795870282671_n-md.jpg",
        "type": "file",
        "md5": "3dc5906af6a98368f7eb33bd66612945"
    },
    {
        "path": "/media/posts/18/responsive/312928125_121893747343166_5472727795870282671_n-sm.jpg",
        "type": "file",
        "md5": "fa7d3d669f6901579ec1dbe8f6238590"
    },
    {
        "path": "/media/posts/18/responsive/312928125_121893747343166_5472727795870282671_n-xs.jpg",
        "type": "file",
        "md5": "dd3dac1992f45802d05e49731689358f"
    },
    {
        "path": "media/posts/19",
        "type": "directory",
        "md5": false
    },
    {
        "path": "/media/posts/19/467184456_534543852744818_3868946821010506026_n.jpg",
        "type": "file",
        "md5": "1339ec46a525ff750318a5d84209e601"
    },
    {
        "path": "media/posts/19/responsive",
        "type": "directory",
        "md5": false
    },
    {
        "path": "/media/posts/19/responsive/467184456_534543852744818_3868946821010506026_n-lg.jpg",
        "type": "file",
        "md5": "e490d67382bf4965710667beed2615d4"
    },
    {
        "path": "/media/posts/19/responsive/467184456_534543852744818_3868946821010506026_n-md.jpg",
        "type": "file",
        "md5": "70739696d4970e48fd7d81bb15f4a66e"
    },
    {
        "path": "/media/posts/19/responsive/467184456_534543852744818_3868946821010506026_n-sm.jpg",
        "type": "file",
        "md5": "b78d19e0887ee8b7aac359e24321fb70"
    },
    {
        "path": "/media/posts/19/responsive/467184456_534543852744818_3868946821010506026_n-xs.jpg",
        "type": "file",
        "md5": "a0c224cad2e4447289e121f1ecbe43d8"
    },
    {
        "path": "media/posts/21",
        "type": "directory",
        "md5": false
    },
    {
        "path": "/media/posts/21/436241588_762011149369957_5970218249535576384_n.jpg",
        "type": "file",
        "md5": "3ca4aacd8da5b1ba71cbea65ac94bf6b"
    },
    {
        "path": "media/posts/21/responsive",
        "type": "directory",
        "md5": false
    },
    {
        "path": "/media/posts/21/responsive/436241588_762011149369957_5970218249535576384_n-lg.jpg",
        "type": "file",
        "md5": "95cfd9e36dff86cf40cab925e90f2d48"
    },
    {
        "path": "/media/posts/21/responsive/436241588_762011149369957_5970218249535576384_n-md.jpg",
        "type": "file",
        "md5": "95cfd9e36dff86cf40cab925e90f2d48"
    },
    {
        "path": "/media/posts/21/responsive/436241588_762011149369957_5970218249535576384_n-sm.jpg",
        "type": "file",
        "md5": "8788b241287a747285c1491a67a404f8"
    },
    {
        "path": "/media/posts/21/responsive/436241588_762011149369957_5970218249535576384_n-xs.jpg",
        "type": "file",
        "md5": "e4edaf440cf9545afa4aecf14ea3684f"
    },
    {
        "path": "media/posts/23",
        "type": "directory",
        "md5": false
    },
    {
        "path": "/media/posts/23/438101408_407676868764851_5372307658532652104_n.jpg",
        "type": "file",
        "md5": "cfa6dfd3baa909f3dfa19bab62e6e181"
    },
    {
        "path": "media/posts/23/responsive",
        "type": "directory",
        "md5": false
    },
    {
        "path": "/media/posts/23/responsive/438101408_407676868764851_5372307658532652104_n-lg.jpg",
        "type": "file",
        "md5": "7f581e0db1b03174cface5012433cd5d"
    },
    {
        "path": "/media/posts/23/responsive/438101408_407676868764851_5372307658532652104_n-md.jpg",
        "type": "file",
        "md5": "f269b2f13597e4fe466b66540fc109d8"
    },
    {
        "path": "/media/posts/23/responsive/438101408_407676868764851_5372307658532652104_n-sm.jpg",
        "type": "file",
        "md5": "b5036f4ccfe4d3ec735df536c063b23d"
    },
    {
        "path": "/media/posts/23/responsive/438101408_407676868764851_5372307658532652104_n-xs.jpg",
        "type": "file",
        "md5": "8db5a0c32f3b46cf907dab953e5b77d1"
    },
    {
        "path": "media/posts/6",
        "type": "directory",
        "md5": false
    },
    {
        "path": "/media/posts/6/469294045_27780503088260089_1368971433565902465_n-ezgif.com-optimize.gif",
        "type": "file",
        "md5": "888393b33a99151ac0a30ee91a09dd68"
    },
    {
        "path": "media/posts/8",
        "type": "directory",
        "md5": false
    },
    {
        "path": "/media/posts/8/fynsamt.jpg",
        "type": "file",
        "md5": "54339bb70483f3f52bb3533eec0148a6"
    },
    {
        "path": "media/posts/8/responsive",
        "type": "directory",
        "md5": false
    },
    {
        "path": "/media/posts/8/responsive/fynsamt-lg.jpg",
        "type": "file",
        "md5": "e95d4ac75997197902ddfd0237d47180"
    },
    {
        "path": "/media/posts/8/responsive/fynsamt-md.jpg",
        "type": "file",
        "md5": "e95d4ac75997197902ddfd0237d47180"
    },
    {
        "path": "/media/posts/8/responsive/fynsamt-sm.jpg",
        "type": "file",
        "md5": "5eec55c6b565005eacf32447a51beb53"
    },
    {
        "path": "/media/posts/8/responsive/fynsamt-xs.jpg",
        "type": "file",
        "md5": "21c14a0987141ddf91e4d24f7d511cc9"
    },
    {
        "path": "media/posts/9",
        "type": "directory",
        "md5": false
    },
    {
        "path": "media/posts/9/responsive",
        "type": "directory",
        "md5": false
    },
    {
        "path": "/media/posts/9/responsive/salti-lg.jpg",
        "type": "file",
        "md5": "f499eb9760569d10cabb7e4eeae480e4"
    },
    {
        "path": "/media/posts/9/responsive/salti-md.jpg",
        "type": "file",
        "md5": "f499eb9760569d10cabb7e4eeae480e4"
    },
    {
        "path": "/media/posts/9/responsive/salti-sm.jpg",
        "type": "file",
        "md5": "f499eb9760569d10cabb7e4eeae480e4"
    },
    {
        "path": "/media/posts/9/responsive/salti-xs.jpg",
        "type": "file",
        "md5": "0d91e93c288a260e1e38295ec76845f5"
    },
    {
        "path": "/media/posts/9/salti.jpg",
        "type": "file",
        "md5": "987222366a7570a62dedecd4ec95fe7b"
    },
    {
        "path": "media/website",
        "type": "directory",
        "md5": false
    },
    {
        "path": "/media/website/favicon.ico",
        "type": "file",
        "md5": "aa392c13feb886c01bb85fba6b10effc"
    },
    {
        "path": "/media/website/moh.icon.gif",
        "type": "file",
        "md5": "3dd17296f4997961a8c7f88c252a1b26"
    },
    {
        "path": "mormor.html",
        "type": "file",
        "md5": "ca3bb3378f01263d571d1bf4ed12f013"
    },
    {
        "path": "robots.txt",
        "type": "file",
        "md5": "d4811f6b1166d461c4b2ba76cb8ad84f"
    },
    {
        "path": "rosenkrantz.html",
        "type": "file",
        "md5": "02cfc344345d612b0286bae8c32e0577"
    },
    {
        "path": "salti-brothers.html",
        "type": "file",
        "md5": "fc8bc1f417423f4da46f7cb80f94d392"
    },
    {
        "path": "sarahabibi.html",
        "type": "file",
        "md5": "555cffb9a0d6588c2e7c040c24c142cc"
    },
    {
        "path": "sekvens-dj-festival-2024.html",
        "type": "file",
        "md5": "6adde8e910fb795178fa40a260406ece"
    },
    {
        "path": "sekvens-ii-pa-mejeriet.html",
        "type": "file",
        "md5": "d4de64476bb3833fe522f3995a1b2f2d"
    },
    {
        "path": "sekvens-pa-maskinen.html",
        "type": "file",
        "md5": "1c71f14cc951840755d292c783437508"
    },
    {
        "path": "sitemap.xml",
        "type": "file",
        "md5": "79cc069120e1320b3613058378043948"
    },
    {
        "path": "sitemap.xsl",
        "type": "file",
        "md5": "51a7bcec43fa1ef0366100d5c2edbe75"
    },
    {
        "path": "solhverv.html",
        "type": "file",
        "md5": "fef5ddd2bc91a35b2aeb5f673d4e6f4d"
    },
    {
        "path": "supernihil.html",
        "type": "file",
        "md5": "ed72353064d3e9df00146f14d4aec16f"
    },
    {
        "path": "tags",
        "type": "directory",
        "md5": false
    },
    {
        "path": "tags/artists",
        "type": "directory",
        "md5": false
    },
    {
        "path": "/tags/artists/index.html",
        "type": "file",
        "md5": "6258d8bb8e4fc5080220720da396cdb6"
    },
    {
        "path": "tags/contact",
        "type": "directory",
        "md5": false
    },
    {
        "path": "/tags/contact/index.html",
        "type": "file",
        "md5": "af743fdb04de175b3863ddbf02de28c8"
    },
    {
        "path": "tags/events",
        "type": "directory",
        "md5": false
    },
    {
        "path": "/tags/events/index.html",
        "type": "file",
        "md5": "a7d9230f5d6af4f99c944e4660a04ef1"
    },
    {
        "path": "/tags/index.html",
        "type": "file",
        "md5": "5aea456920d045471276190181045bb8"
    },
    {
        "path": "technoskole.html",
        "type": "file",
        "md5": "62b496a1eb1116f419425c6d059d8675"
    },
    {
        "path": "ticketpurchased.html",
        "type": "file",
        "md5": "012604dd4ced2de584036bbc4ede5ae0"
    }
]