[
    {
        "path": "404.html",
        "type": "file",
        "md5": "26fb7871b76714e32cc07952eb350f7d"
    },
    {
        "path": "CNAME",
        "type": "file",
        "md5": "75f091339cd0285645766f49395d0d0b"
    },
    {
        "path": "asmus-busck.html",
        "type": "file",
        "md5": "ab8559948c5d802c21cd26113516f078"
    },
    {
        "path": "assets",
        "type": "directory",
        "md5": false
    },
    {
        "path": "assets/css",
        "type": "directory",
        "md5": false
    },
    {
        "path": "/assets/css/editor.css",
        "type": "file",
        "md5": "e5909a88ba1158a79ba2dbf82d6b2d86"
    },
    {
        "path": "/assets/css/main.css",
        "type": "file",
        "md5": "3338a998752f101c897f3cfe1a6edc78"
    },
    {
        "path": "/assets/css/photoswipe.css",
        "type": "file",
        "md5": "366561c4c503c68e3af3389ac4d7fb8e"
    },
    {
        "path": "/assets/css/style.css",
        "type": "file",
        "md5": "7a0636cfa42eea70532495f2658617e0"
    },
    {
        "path": "assets/dynamic",
        "type": "directory",
        "md5": false
    },
    {
        "path": "assets/dynamic/fonts",
        "type": "directory",
        "md5": false
    },
    {
        "path": "assets/dynamic/fonts/jetbrainsmono",
        "type": "directory",
        "md5": false
    },
    {
        "path": "/assets/dynamic/fonts/jetbrainsmono/jetbrainsmono-italic.woff2",
        "type": "file",
        "md5": "ea0a62e6606b4f4b0d534256db7d31cf"
    },
    {
        "path": "/assets/dynamic/fonts/jetbrainsmono/jetbrainsmono.woff2",
        "type": "file",
        "md5": "5affdf56bdbffc36af64d2616187b531"
    },
    {
        "path": "assets/js",
        "type": "directory",
        "md5": false
    },
    {
        "path": "/assets/js/photoswipe-ui-default.min.js",
        "type": "file",
        "md5": "d067f0883540b1ddda0e2c9ad1b14260"
    },
    {
        "path": "/assets/js/photoswipe.min.js",
        "type": "file",
        "md5": "017385b552f7e0d979e2e2fe6f324015"
    },
    {
        "path": "/assets/js/scripts.js",
        "type": "file",
        "md5": "51db36ac9bfaaa60d4fb7a583c143c99"
    },
    {
        "path": "/assets/js/scripts.min.js",
        "type": "file",
        "md5": "c2232aa7558e9517946129d2a1b8c770"
    },
    {
        "path": "/assets/js/svg-fix.js",
        "type": "file",
        "md5": "7c0d2bb7276904b382e80bf2d85e8a96"
    },
    {
        "path": "/assets/js/svg-map.js",
        "type": "file",
        "md5": "12d66f2b2cce51311dd05cef039befb6"
    },
    {
        "path": "assets/svg",
        "type": "directory",
        "md5": false
    },
    {
        "path": "/assets/svg/gallery-icons-dark.svg",
        "type": "file",
        "md5": "0c70735af58190b563b2940b7a07007a"
    },
    {
        "path": "/assets/svg/gallery-icons-light.svg",
        "type": "file",
        "md5": "0bb1f41e2e459d23628833c37d8532f0"
    },
    {
        "path": "/assets/svg/svg-map.svg",
        "type": "file",
        "md5": "d167697bcc673e5b8139fbdc5b9f5240"
    },
    {
        "path": "authors",
        "type": "directory",
        "md5": false
    },
    {
        "path": "authors/sekvens",
        "type": "directory",
        "md5": false
    },
    {
        "path": "/authors/sekvens/index.html",
        "type": "file",
        "md5": "d2422dc9cedac85bd94059cedcbd66d3"
    },
    {
        "path": "contact-2.html",
        "type": "file",
        "md5": "18a03c7e7101c8892f89c0b60bdcabb5"
    },
    {
        "path": "feed.json",
        "type": "file",
        "md5": "0341f2e1058b42b75a79fcafc6cddee6"
    },
    {
        "path": "feed.xml",
        "type": "file",
        "md5": "ab7e3181152960e7010636696624153a"
    },
    {
        "path": "fyns-amt.html",
        "type": "file",
        "md5": "a74c90fdb99847b42fcfb6dc2c693f4e"
    },
    {
        "path": "home.html",
        "type": "file",
        "md5": "aee2f4591fdb29c08d301792f3250aad"
    },
    {
        "path": "index.html",
        "type": "file",
        "md5": "37c4b5f99cdde24cbfe52591b3133a92"
    },
    {
        "path": "media",
        "type": "directory",
        "md5": false
    },
    {
        "path": "media/files",
        "type": "directory",
        "md5": false
    },
    {
        "path": "/media/files/moh.icon.gif",
        "type": "file",
        "md5": "3dd17296f4997961a8c7f88c252a1b26"
    },
    {
        "path": "media/posts",
        "type": "directory",
        "md5": false
    },
    {
        "path": "media/posts/6",
        "type": "directory",
        "md5": false
    },
    {
        "path": "/media/posts/6/469294045_27780503088260089_1368971433565902465_n-ezgif.com-optimize.gif",
        "type": "file",
        "md5": "888393b33a99151ac0a30ee91a09dd68"
    },
    {
        "path": "media/posts/8",
        "type": "directory",
        "md5": false
    },
    {
        "path": "/media/posts/8/fynsamt.jpg",
        "type": "file",
        "md5": "54339bb70483f3f52bb3533eec0148a6"
    },
    {
        "path": "media/posts/8/responsive",
        "type": "directory",
        "md5": false
    },
    {
        "path": "/media/posts/8/responsive/fynsamt-lg.jpg",
        "type": "file",
        "md5": "e95d4ac75997197902ddfd0237d47180"
    },
    {
        "path": "/media/posts/8/responsive/fynsamt-md.jpg",
        "type": "file",
        "md5": "e95d4ac75997197902ddfd0237d47180"
    },
    {
        "path": "/media/posts/8/responsive/fynsamt-sm.jpg",
        "type": "file",
        "md5": "5eec55c6b565005eacf32447a51beb53"
    },
    {
        "path": "/media/posts/8/responsive/fynsamt-xs.jpg",
        "type": "file",
        "md5": "21c14a0987141ddf91e4d24f7d511cc9"
    },
    {
        "path": "robots.txt",
        "type": "file",
        "md5": "d4811f6b1166d461c4b2ba76cb8ad84f"
    },
    {
        "path": "salti-brothers.html",
        "type": "file",
        "md5": "824d3ffe0e3d32a367e94d300c4eea6b"
    },
    {
        "path": "sitemap.xml",
        "type": "file",
        "md5": "039e0f056d380242dc3fea031470865c"
    },
    {
        "path": "sitemap.xsl",
        "type": "file",
        "md5": "51a7bcec43fa1ef0366100d5c2edbe75"
    },
    {
        "path": "solhverv.html",
        "type": "file",
        "md5": "41aecf807996058113bc8a045672c556"
    },
    {
        "path": "tags",
        "type": "directory",
        "md5": false
    },
    {
        "path": "tags/artists",
        "type": "directory",
        "md5": false
    },
    {
        "path": "/tags/artists/index.html",
        "type": "file",
        "md5": "be6553cd84c4a333795ae05931dcdc4a"
    },
    {
        "path": "tags/contact",
        "type": "directory",
        "md5": false
    },
    {
        "path": "/tags/contact/index.html",
        "type": "file",
        "md5": "f73839d6a739050cad2a3c29a8e912b9"
    },
    {
        "path": "tags/events",
        "type": "directory",
        "md5": false
    },
    {
        "path": "/tags/events/index.html",
        "type": "file",
        "md5": "34cbd89b9fbe99b4a967561b152def91"
    },
    {
        "path": "/tags/index.html",
        "type": "file",
        "md5": "374ebdc87da78b8c622979b7ccd42998"
    }
]